ID,Year,Month,Authors,ImpModel,Title,Journal,ReviewOrResearch,ModelClass,ModelBase,ModelBackbone,ModelNeck,ModelHead,ModelInputSize,Dataset,SpacialResMin,SpacialResMax,SpectralRes,ImageSize,ImageProcessing,Hardware,Strengths,Weaknesses,Code,Small
1,2025,8,Wang et al,NA,OOD in optical RS images using DL A survey,AIReview,review,NA,NA,NA,NA,NA,NA,NA,NA,NA,NA,NA,NA,NA,NA,NA,NA,NA
2,2025,7,Liang,NA,CV and DL in Ship Target Detection,JCEIM,review,NA,NA,NA,NA,NA,NA,NA,NA,NA,NA,NA,NA,NA,NA,NA,NA,NA
3,2025,2,Zucchetta et al,NA,Satellite Based Monitoring of Small Boat for Environmental Studies A Systematic Review,JMarSciEng,review,NA,NA,NA,NA,NA,NA,NA,NA,NA,NA,NA,NA,NA,NA,NA,NA,NA
4,2024,10,Welch et al,NA,Harnessing AI to map global fishing vessel activity,OneEarth,review,NA,NA,NA,NA,NA,NA,NA,NA,NA,NA,NA,NA,NA,NA,NA,NA,NA
5,2024,3,Zhao et al,NA,Ship Detection with DL in Optical RS Images A survey of challenges and advances,Remote Sensing,review,NA,NA,NA,NA,NA,NA,NA,NA,NA,NA,NA,NA,NA,NA,NA,NA,NA
6,2023,3,Er et al,NA,Ship Detection with DL a survey,AIReview,review,NA,NA,NA,NA,NA,NA,NA,NA,NA,NA,NA,NA,NA,NA,NA,NA,NA
7,2022,11,Savelonas,NA,CV and Pattern Recognition for Analysis of 2D3D RS Data in Geoscience,Remote Sensing,review,NA,NA,NA,NA,NA,NA,NA,NA,NA,NA,NA,NA,NA,NA,NA,NA,NA
8,2022,10,Amani et al,NA,Ocean RS Techniques and Applications A Review Part I,Water,review,NA,NA,NA,NA,NA,NA,NA,NA,NA,NA,NA,NA,NA,NA,NA,NA,NA
9,2021,3,Li et al,NA,Ship detection and classification from optical RS images A survey,CJA,review,NA,NA,NA,NA,NA,NA,NA,NA,NA,NA,NA,NA,NA,NA,NA,NA,NA
10,2025,10,Huang et al,DConvTransLGA,A Hybrid CNN-Transformer Network for Object Detection in Optical Remote Sensing Images: Integrating Local and Global Feature Fusion,IEEE JSTAEORS,research,hybrid,MaskRCNN/Transformer,"DConv, LocalAttn, LGA",Feature Residual Pyramid Network (FRPN),NA,NA,NWPUVHR-10/HRRSD/DIOR,NA;0.15;0.5,NA;1.2;30,NA,NA,NA,4× NVIDIA GeForce RTX 3090 GPUs,"Combines local CNN features with global transformer attention; Improved detection of small objects; Enhanced multiscale fusion with FRPN; Outperforms SOTA methods on NWPU, HRRSD and DIOR",Higher computational cost than CNN-only detectors; Generalization varies across datasets; Lower speed due to transformer self-attention,not provided,FALSE
11,2025,8,Zhang et al,NA,Ship Detection for Satellite Images based on Classifier Transfer Learning Combined with Feature Transfer Learning,EECSS,research,other,ResNet,ResNet-101,NA,NA,NA,DOTA,NA,NA,NA,NA,Data augmentation ; Ship subset created from DOTA using BIRD (Bitplane Information Recombination),NA,"Introduces classifier-oriented transfer learning (classifier-TL) and secondary transfer learning combining feature-TL and classifier-TL; Improves performance over direct training; ResNet is widely used backbone architecture within many modern, state-of-the-art detection system",ResNet is not the current state-of-the-art model for computer vision object detection,not provided,FALSE
12,2025,8,Mbietieu,ShipFPN,ShipFPN architecture for object detection in high resolution satellite images,ScienceRemote Sensing,research,other,ResNet,ResNet,ShipFPN (Adaptive FPN + Spectral Convolutions + Spatial Attention),"Oriented Object Detection Head (OBB-based, GIoU regression)",NA,ShipRSImageNet,NA,NA,NA,NA,Applying geometric transformations (scaling/rotation) to existing ship images; Using Generative Adversarial Networks (GANs) to create realistic synthetic images; Augmenting dataset diversity with spectral variations,NA,Captures spectral information to improve feature representation; Introduces a novel multiscale-adaptive formula for feature pyramid level; Generates synthetic data to improve model robustness; Utilizes OBB for better ship localization,Increased computational cost for spectral convolutions,not provided,FALSE
13,2025,6,Gong et al,DUONet,Discover the Unknown Ones in Fine Grained Ship Detection,IEEE TGRS,research,two stage,FasterRCNN,NA,FPN,RRoI Head + (K+1)-way cosine classifier + UAUL + FGCL,NA,ShipRSImageNet/DOSR/HRSC2016,NA,NA,NA,NA,NA,1× NVIDIA RTX5000 16GB on Ubuntu 22.04,Strong unknown ship detection; handles fine-grained classes; reduces long-tail impact; high discrimination; oriented boxes,"Higher complexity; lower performance on dense small-target datasets (e.g., DOSR); relies on multiple training losses",https://github.com/FoRGEU/DUONet,FALSE
14,2025,5,Yang et al,HMSNet,A Hierarchical Multilabel Fine Grained Ship Detection Network in RS Images,IEEE JSTAEORS,research,two stage,NA,NA,Feature Pyramid Network (FPN),"RPN; RoI; Multiscale Region Feature Re-extraction (MRFR), Feature Guidance (FG), Classification/Regression heads",800x512/1024x1024,HRSC2016/ShipRSImageNet,NA,NA,NA,NA,Resizing; Multiaxis random flipping (H/V/D with 25% probability); Channel-wise normalization; Zero-padding alignment to the nearest multiple of 32 pixels,NA,"Integrates hierarchical multilabel classification with fine-grained ship detection; Parallel multilevel semantic feature extraction allows independent optimization of features for different levels, preventing error propagation common in chained structures; Feature Guidance (FG) module enables efficient top-down knowledge transfer from coarse to fine granularity; Hierarchical relationship constraint loss function explicitly models interclass relationships (D1 < D2 < D3); Plug-and-play versatility: proven to improve performance when integrated into various two-stage frameworks (RoITrans, Gliding Vertex, ReDet, OR R-CNN); Significant performance gains: +12.2% mAP on HRSC2016 and +3.9% mAP on ShipRSImageNet over baselines","Relies on a rigid tree-structured hierarchy, which struggles with classes that fit multiple parents or have ambiguous definitions; Annotation inconsistencies or ambiguous assignments in datasets can cause error propagation; Limited spatial resolution in images can lead to class confusion, which the model attempts to force-predict; Inherently slower inference speeds due to the two-stage framework architecture, limiting time-sensitive operational use",not provided,FALSE
15,2025,4,Ding Wen,BALF,Edge aware Feature Learning for Fine grained Ship Detection in High resolution Satellite Images,SPIE ERSGIT,research,two stage,OrientedRCNN,"backbone; Edge Reconstruction (ER) Module, and Edge Attention Module (EAM)",Feature Pyramid Network (FPN),Local Association (LA) Module,1024x1024,MCSD/ShipRSImageNet,0.25m,2m,NA,NA,Resizing,Single NVIDIA RTX 3060 GPU,"Mitigates the loss of ship detail in deep networks by generating edge attention using pseudo labels. Furthermore, the method employs a specialized detection head to capture the relationships between local regions within each ROI, enhancing the accuracy of fine-grained object detection",Computational complexity remains relatively high,not provided,FALSE
16,2024,12,Li et al,SAFPN,Fine Grained Ship Recognition With Spatial Aligned FPN and APCL,IEEE TGRS,research,two stage,OrientedRCNN,"ResNet50, pretrained on the ImageNet dataset",Spatial-Aware Alignment Fusion Model (SAFPN); Oriented-RPN; Rotated-ROI Align,Adaptive Prototypical Contrast Learning (APCL),NA,FGSD/ShipRSImageNet,1 m/pixel (GSD for FGSD),1 m/pixel (GSD for FGSD),NA,"Width varies 157-7789 pixels, average width of 1202 pixels. Height 224-6506 pixels, with an average height of 1205 pixels; Most are of 930 × 930 pixels, max width of 1238, max height of 930",NA,NVIDIA RTX 3090 GPU,"Specifically designed for fine-grained ship recognition. SAFPN incorporates a spatial-aligned module to fuse adjacent-scale features, thereby significantly enriching the quality of fine-grained features. APCL contributes to the extraction of features characterized by strong category separability. APCL enhances category separability of ship features, addressing high intraclass diversity and interclass similarity",Marginal increase in computational and parameter overhead,https://github.com/liyangfan0/Fine-Grained-Ship-Recognition,FALSE
17,2024,9,Hong et al,RShipDet,Ship detection in reefs and deep sea with medium high resolution images,GIS,research,two stage,ReDet,"# Uses the Rotation-equivariant backbone from ReDet, but the specific network is not named",Feature Pyramid Network (FPN),Rotation-invariant Rol Align (RiRol Align) with an enhancement of Overlap Blocking,NA,Sentinel2-Ship/SDGSATShip(custom),1.5 m (Airbus),10 m,Sentinel-2 MSI B2; B3; B4 and SDGSAT-1 MII B2; B4; B5 data used to produce Sentinel2-Ship and SDGSAT-Ship datasets,996 × 988 (Sentinel2-Ship); 512 × 512 (SDGSAT-Ship); 768 × 768 (Airbus),Mosaic augmentations; Fine-to-coarse training; Dark area suppression; Bright area enhancement,1 x NVIDIA GeForce RTX 4090 GPU,"Detecting small ships in medium-high resolution imagery with three improvements, enhancing the detection performance for small ships; Better performance under complex conditions (cloud cover, reefs, deep-sea, ports); Inference is 11 times faster than using 3m resolution imagery; Enhanced performance and stability from pretraining plus mosaic augmentation","For large ships, the mosaic augmentation technique sometimes hindered detection",https://github.com/hongxrsysu/autodetect_ship,TRUE
18,2024,4,Chen et al,P2RNet,Fast Maritime Object Detection From Key Points to Region Proposals in Large Scale RS Images,IEEE JSTAEORS,research,two stage,YOLOv5,ResNet18 of the key point extraction network; MobileNetv2 constructed by the grouped sandglass block (G-SB) is used as the backbone of the lightweight object detection network,"PAN constructed by ConvBNSiLU, S-C3 and  Oriented Spatial Pyramid Pooling-Fast (O-SPPF)",YOLOv5 head,1024x1024,DOTAShip,NA,NA,NA,1024 x 1024 pixels,Resizing,Intel Core i7 10700F CPU NVIDIA GeForce RTX 3070 GPU 32-GB memory,"Achieves a good balance between speed and accuracy; Fast detection speed due to the two-phase structure and lightweight backbone (Improved MobileNetv2); The Key Point Extraction Network effectively screens objects of interest, making it suitable for large-scale images; The Region Proposal Generator efficiently divides key points into regions, reducing false alarms; The Simple Attention Module (SAM) improves detection accuracy by strengthening feature information in the fusion network","The two-phase structure adds complexity to the overall pipeline; Performance may be limited by the MobileNetv2 architecture in complex environments compared to larger backbones (e.g., ResNet)",not provided,FALSE
19,2024,2,Yang et al,SLTNet,Enhanced Mask RCNN network for ship long tailed detection,IEEE IESAONCON,research,two stage,NA,ResLT (modified ResNet-101 for long-tailed detection),Feature Pyramid Network (FPN),NA,800×600,ImageNet(pre-training)/ShipRSImageNet(evaluation),NA,NA,NA,NA,Data augmentation,IntelCoreTM i9-10940X CPU NVIDIA GTX3090 GPU 24GB GPU,Specifically designed to address the long-tailed distribution problem in ship detection,The complexity of implementing the Mutual Information (MI) Loss adds to the training pipeline,not provided,FALSE
20,2024,2,Liu et al,SFINet,An Oriented Fine Grained Ship Identification Network Based on RS Image,Springer ICIVIS,research,two stage,NA,NA,NA,NA,NA,NA,NA,NA,NA,NA,NA,NA,NA,NA,not provided,FALSE
21,2024,1,Hong et al,RShipDet,Robust DL Ship Detector for Medium High Resolution Images,SSRN,research,two stage,ReDet,NA,Feature Pyramid Network (FPN),AutoMatic Ship Detector (AMSD),NA,KaggleAirbusShip(pre-training)/Sentinel2-Ship(training)/SDGSATShip(fine-tuning)/enhancedSentinel-2(inference),10 m,30 m,"Sentinel-2 MSI images B2,B3,B4; SDGSAT-1 MII images B2, B4, B5",Airbus-Ship: 768x768 (42566 images); Sentinel2-Ship: 996x988 (668 images); SDGSAT-Ship: 512x512 (238 images),Mosaic augmentation; Overlap; Cropping,AutoDL with RTX A5000 GPU for training/AIE with V100 184 GPU for inference,"Gains of 3.3% AP on Sentinel2-Ship dataset compared to ReDet; Strong generalization capabilities, achieving 77.4% AP on SDGSAT-Ship dataset; Accurate and robust discrimination of complex ship aggregations, such as around the Nansha Islands reefs; Enables intelligent robust monitoring of ships in complex ocean environments","The smallest ships detected were less than 3.6 pixels2 (360 m2), whilst the largest exceeded 60 250 pixels2
 (6000 m2)",not provided,TRUE
22,2023,12,Li et al,PETDet,Proposal Enhancement for Two Stage Fine Grained Object Detection,IEEE TGRS,research,two stage,NA,NA,NA,"Quality Oriented Proposal Network (QOPN), Bilinear Channel Fusion Network (BCFN), and Adaptive Recognition Loss (ARL)",1024x1024/800×800/1024×1024,FAIR1M/MAR20/ShipRSImageNet,ShipRSImageNet Dataset: 0.12m; #others are missing,ShipRSImageNet Dataset: 6m; #others are missing,NA,"FAIR1M: 1000 × 1000 to 10,000 × 10,000; MAR20: 800 × 800; ShipRSImageNet: 930 x 930 - 1024 × 1024",NA,4 NVIDIA GeForce RTX3090 GPUs,"Improves fine-grained recognition. Can reduce false negatives in PETDet, particularly for small objects. 2.5% mAP increase over the baseline Oriented R-CNN on the HRSC2016 dataset. 78.4% AP on HRSC2016 and 90.7% AP on ShipRSImageNet with an Oriented R-CNN backbone",Only suitable for two-stage pipeline and only evaluated on large-scale datasets,https://github.com/canoe-Z/PETDet,TRUE
23,2023,9,Chen et al,OSDet,Oriented Ship Detection Based on Expansion Deformation Rotation Representation,ICFEICT,research,two stage,NA,ReResNet,ReFPN,Oriented RPN with EDRR; Oriented R-CNN,800x800/1024x1024,HRSC2016-MS/DOTA,NA,NA,NA,NA,Random flipping; Normalization; Resizing,NVIDIA GeForce RTX 3090 GPU,strong generalization. mAP: 77.5% HRSC2016-MS. 77.14% DOTA,NA,not provided,FALSE
24,2023,6,Yan et al,ReBiDet,An Enhanced Ship Detection Model Utilizing ReDet and Bi Directional Feature Fusion,AppliedSciences,research,two stage,ReDet,ReResNet-50 / ReResNet-101,Bi-directional Feature Fusion (BiFPN-like),NA,NA,DOTA/HRSC2016,NA,NA,NA,DOTA: 800 × 800 to 4000 × 4000; HRSC2016: 300 × 300 to 1500 × 900,NA,AMD Threadripper PRO 5995WX processor 2 NVIDIA GTX3090Ti graphics cards128 GB of memory,"Ability to capture multi-scale features, learn difficult positive samples, and adapt to ship target aspect ratios. Improved AP: +0.71% (ReResNet-50) and +1.68% (ReResNet-101) over ReDet. Small computational cost, while significantly improving detection accuracy",Inference speed not fast enough,https://github.com/YanZeGit/ReBiDet,TRUE
25,2023,3,Qiao et al,R CNN YOLOv5,Enhanced Two stage Ship Detection Algorithm in RS Image,ICAML,research,two stage,CascadeRCNN,ResNet50,NA,YOLOv5 as the first stage detection and simplify the Cascade R-CNN detector head,1024x1024/1536x1536,(custom),NA,NA,NA,16290×2528,NA,Nvidia RTX 3090,AP 97.72,NA,not provided,FALSE
26,2023,2,Guo et al,NA,Fine Grained Ship Detection in High Resolution Satellite Images With Shape Aware Feature Learning,IEEE JSTAEORS,research,two stage,NA,"Ship Instance Switching (SIS): works before the ResNet backbone. The input is the original image and the output is the switched one. For each instance in the input original image, we judge whether its category is rare or not, calculate the size, aspect ratio, and background color of the instance belonging to the rare class, and concatenate these characteristics into KNN [52] for the following instance matching","For each RoI generated by the RPN, instead of just using the single-level FPN feature, shape-aware rotate RoI (SRRA) align is performed on the feature map of each level of the FPN. It takes the shape characteristics into account, paying more attention to the long side to balance the fine-grained features of the short and long sides. Finally, the extracted multilevel features are accumulated together, followed by a spatial attention module to weigh the fused features to guide the learning of the detector",NA,1024×1024,MCSD/ShipRSImageNet,0.25m; 0.12m,2m; 6m,NA,MCSD: 1024×1024 (MCSD); ShipRSImageNet: 930–1024 px (padded to 1024),NA,4x NVIDIA TITAN X GPUs,"Method for ship detection for high aspect-ratio ships, fixing the problem of feature misalignment during RoI assignment and extraction. Shape-aware ship instance switching method to solve the quantity imbalance in different categories. Guarantee the consistency of the ocean background and ship direction when replacing common ship instances with rare ship instances, which greatly improves the network’s learning ability of rare instances. AP gains up to +4.9 (AP75 MCSD), +4.0 (AP50:95 ShipRSImageNet)",No major gains for small ships; relies on expensive directional OBB annotations,https://github.com/GuoBo98/ship-aware-det-code,FALSE
27,2023,1,Nakayama et al,FasterRCNN,Comparing spatial patterns of marine vessels between vessel tracking data and satellite imagery,Frontiers,research,two stage,FasterRCNN,ResNet-50 (pretrained on COCO dataset),NA,The classifier model is a ResNet-50 model pretrained on ImageNet1k and fine-tuned on the same dataset as the Faster R- CNN detector model,299×299×3,(custom),3,3,RGB-NIR,299×299,Manual cropping of land; Grid partitioning; H/V flips; Binary classifier pre-filtering; Balanced sampling,NA,AP = 0.72; F1 = 0.84; Precision = 0.87; Recall = 0.80,Small dataset; low resolution limits classification; IoU threshold extremely low (0.1); lacks generalizability beyond studied region,https://github.com/stanford-cos/lgcp,TRUE
28,2023,1,Abhinaba Jidesh,NA,Detection and Classification of Ships using a self attention Residual Network,IEEE CICT,research,two stage,FasterRCNN,Residual Attention based CNN,NA,NA,224x224,ShipRSImageNet,NA,NA,NA,930x930,Rotation 60°; H/V flips; width/height shift 0.3,Intel Core i5 7th Gen 7300HQ processor of 2.5 GHz with 8GB of RAM 4GB of NVIDIA GeForce GTX 1050 GPU,mAP = 0.655 (state-of-the-art improvement); better classification via attention,Two-step training (backbone then Faster R-CNN); longer training/validation time,not provided,FALSE
29,2022,10,Han et al,EIRNet  Mask RPN,Fine Grained Recognition for Oriented Ship Against Complex Scenes in Optical RS Images,IEEE TGRS,research,two stage,NA,ResNet-101,DFF-Net (Dense Feature Fusion Network) + Dual-Mask Attention (DMAM),Mask-RPN + C5 block,600-1000x,DOSR(custom)/HRSC2016,0.5m (DOSR),2.5m (DOSR),NA,600–1300 px (DOSR),H/V flips; Resizing; Mask generation via DMAM,Nvidia GTX 1080Ti GPU with 11-GB,"DOSR_mAP = 61.39%; HRSC2016_mAP = 82.96%; State-of-the-art on both datasets; Strong performance on dense, clutter, and small-ship scenes",Sensitive to NMS threshold in high-aspect-ratio ships; Class imbalance issues in DOSR; Fine-grained categories with strong inter-class similarity remain challenging,https://github.com/yaqihan-9898/EIRNet,TRUE
30,2022,9,Jian et al,SSRCNN,Self Supervised Learning Improving Mask R CNN for Ship Detection in RS Images,Remote Sensing,research,two stage,MaskRCNN,ResNet-50 (pretrained via more-way CutPaste self-supervised task),Modified FPN (P2–P4 only),NA,768x768/1024x1024,KaggleAirbusShip,NA,NA,RGB,768x768,More-way CutPaste self-supervised augmentation; Block scar 3-way CutPaste (for comparison); Color jitter; Rotation; Scaling; Paste operations; COCO format conversion via FiftyOne,Tesla V100 GPU for training/Google Colab Tesla P100 GPU for fine-tuning,AP  = 0.622; AP50 = 0.758; AP75 = 0.658; APs  = 0.620; APm  = 0.723; APl  = 0.158. Significant improvement over supervised Mask R-CNN and SSD; Large boost for small-ship detection; Self-supervised: Effective with very limited labeled data,"Poor performance on large ships. Lack of training instances with large ships, considering that the proportion of training images with large ships is only 10% in the experiments. Anchor-size sensitivity: setting of the hyper-parameter of the sizes of the candidate anchor frames.",https://github.com/REAL-Madrid01/Remote_GDJC,TRUE
31,2022,8,Zhang et al,OSCDNet,Oriented Ship Detection Based on Intersecting Circle and Deformable RoI in RS Images,Remote Sensing,research,two stage,FasterRCNN,ResNet-101,FPN (Feature Pyramid Network),ICR-head (Intersecting Circle Rotated detection head) + Double-head (fc-head + conv-head),1000×1000,DOTAShip/HRSC2016/SSDD,0.4 m (HRSC2016),2 m (HRSC2016),"Optical RGB (HRSC2016, DOTA-Ship); SAR (SSDD+)",HRSC2016: 300×300 to 1500×900; DOTA-Ship: 800–4000 px (cropped to 1000×1000); SSDD+: varied SAR resolutions,Flipping; Cropping,Two NVIDIA GeForce GTX 2080 Ti GPUs,"HRSC2016_AP07 = 89.98, HRSC2016_AP12 = 93.52, DOTA_Ship_AP07 = 67.95, SSDDplus_AP07 = 82.90, SSDDplus_AP12 = 84.52. State-of-the-art or superior performance across datasets. Strong handling of long aspect-ratio ships. More accurate orientation prediction than angle-regression methods",Struggles with very small and densely packed ships (noted in DOTA-Ship). Complex multi-branch head increases computational cost. Circle–rectangle intersection may fail for horizontally placed ships (requires special case handling,not provided,FALSE
32,2022,2,Dong et al,CNNAOOF,Multi OOD in High Resolution RS Imagery Based on CNNs,Remote Sensing,research,two stage,NA,darknet-53,Feature-Attentioned Feature Pyramid Network (FPN),Adaptive Object Orientation Regression (AOOF),416x416,WHURSONE-OBB/UCAS-AOD/HRSC2016/DOTA,WHURSONE-OBB: 0.5; UCAS-AOD: ;HRSC2016: ;DOTA:,WHURSONE-OBB: 0.8; UCAS-AOD: ;HRSC2016: ;DOTA:,NA,WHURSONE-OBB: 600x600; 1372x1024; UCAS-AOD: 1280x659; 1372x941; HRSC2016: ;DOTA:,NA,Server with Inter(R) Xeon(R) CPU E5-2667 v4 @ 3.20 GHz NVIDIA Quadro M4000 8 GB GPU memory 16 GB RAM Windows 10 operating system.,Detect objects with large aspect ratios and densely distributed objects.,Not optimized for small-object detection,only the datasets,FALSE
33,2021,8,Li et al,NA,Domain Adaptive Ship Detection in Optical RS Images,Remote Sensing,research,two stage,NA,ResNet-50,NA,NA,600x600,HRSC2016/KaggleAirBusShip/SyntheticDataset,NA,NA,NA,NA,NA,NVIDIA GTX 1080 Ti,Cross-domain generalization ability; Improves detection on target datasets without labels; Handles background shift and style discrepancies,Performance drops for small ships in cluttered scenes,not provided,FALSE
34,2021,4,Tian et al,YOLOv3 Mask R CNN,Image Enhancement Driven by Object Characteristics and Dense Feature Reuse Network for Ship Target Detection in RS Imagery multiscale,Remote Sensing,research,two stage,YOLOv3/MaskRCNN,DarkNet-53 (for YOLOv3); ResNet-50 (for Mask-RCNN),FPN (Feature Pyramid Network; RFE (Receptive Field Expansion) module; ASPP (Atrous Spatial Pyramid Pooling,YOLOv3 Regression Head; Mask-RCNN Head (RPN + RoI),1024x1024,ChangGuang/SSDD,ChangGuang: NA; SSD:1m,ChangGuang: NA; SSD:15m,NA,ChangGuang: 8096x2048; SSD:500x500,Cropping,NA,"AP on ChangGuang: 87.39% (Mask-RCNN with OCIE-DFR-RFE); AP on SSDD: 92.09% (Mask-RCNN with OCIE-DFR-RFE). Reduced parameters compared to baseline (40.03 M vs 44.17 M for Mask-RCNN). Multi-scaling is introduced, and the receptive field expansion (RFE) module is designed to integrate a combination of FPN and ASPP in order to improve the detection effect on targets of different scales.Effective for small targets and complex backgrounds",General multi-stage detectors have high computation and memory storage,not provided,TRUE
35,2020,8,Zhang,NA,Comparison of two DL methods for ship target recognition with optical remotely sensed data,NCA,research,two stage,FasterRCNN/MaskRCNN,VGG16 (Faster R-CNN); ResNet50 (Mask R-CNN),Standard RPN (Faster R-CNN); FPN (Feature Pyramid Network) (Mask R-CNN),NA,800-1024x,VOC2007(custom),NA,NA,NA,NA,Color transformation; PCA; Random scale; Shift; Flip; Rotation; Noise; Random crop; Resizing/Unification,NA,Mask R-CNN Accuracy: 95.21% (vs 92.76% for Faster R-CNN); Mask R-CNN mAP: 0.947 (vs 0.922 for Faster R-CNN); Mask R-CNN MIOU: 85.24% (vs 81.43% for Faster R-CNN); Mask R-CNN provides pixel-level segmentation; Mask R-CNN is better for closely arranged ships/crowded targets; Faster R-CNN has faster FPS (4.97) compared to Mask R-CNN (4.16). Mask R-CNN is dominant.,Mask R-CNN consumes more memory and computing resources; Mask R-CNN is slower (4.16 fps) than Faster R-CNN; Faster R-CNN has higher false detection rates for non-target ships; Faster R-CNN bounding boxes can be too large for closely arranged ships; Faster R-CNN lacks pixel-level segmentation,open source,FALSE
36,2020,5,Li et al,NA,A Novel CNN Based Method for Accurate Ship Detection in HR Optical RS Images via RBB,IEEE TGRS,research,two stage,NA,VGG16,Dual-branch Rotated RPN + Multilevel Adaptive Pooling,Two 1024-D fully connected layers for classification and regression,600x≤1000,HRSC2016/GoogleEarthShipImages,0.5,2,Optical RGB (high-resolution optical remote sensing),300×300 to 1500×900,H/V flips; Resizing ,NVIDIA GTX 1080 Ti,"High AP (~0.907), improved rotated bounding-box accuracy, superior small-ship and dense-ship detection",More complex RPN with dual-branch regression; More computationally intensive than standard RPN,https://github.com/lilinhao/ShipDetection,TRUE
37,2019,7,Kartal Duman,FasterRCNN,Ship Detection From Optical Satellite Images With DL,IEEE Xplore,research,two stage,FasterRCNN,Inception v2,NA,NA,550x393-1950x1950,ShipsSatelliteImageryKaggle,NA,NA,RGB,NA,NA,Runs on an average laptop (CPU) no GPU required,"Fast, open-source, easy to use; demonstrates correct detections in many cases",False alarms on images with <6 ships; performance drops on large images or many ships,open source,FALSE
38,2018,2,Liu et al,RRCNN,Rotated region based CNN for ship detection,IEEE Xplore,research,two stage,RRCNN,VGG-16,"RRoI pooling layer (rotated ROI), shared convolutional feature maps",Rotated bounding box regression head + classification + NMS auxiliary branch,~300–1500x,HRSC2016,NA,NA,RGB,NA,NA,NA,"Significant mAP improvement over baselines: e.g., +6.1 mAP (L1), +4.8 mAP (L2); accurate rotated ship localization; robust for densely moored ships",RC2 variant suffers reduced mAP on L2/L3 due to strict cross-class NMS; more computational steps than vanilla Fast R-CNN,not provided,FALSE
39,2025,5,Yuan et al,MODT,Knowledge distillation enhanced marine optical RS OD with transformer and dual path architecture,FrontMarSci,research,hybrid,CNN/Transformer,Dual-path encoder: CNN branch + self-attention branch (HFFI module),HFFI intertwined feature fusion + EMSA (Enhanced Multi-Scale Attention),Transformer-style decoder with decoupled class & location queries + multivariate matching,1024×1024,SeaDronesSee/DOTAMarine,NA,NA,NA,SeaDronesSee: varied UAV images (5–260 m altitude); DOTA-Marine: 1024×1024,Cropping; Resizing; Normalization; Histogram equalization; Wave simulation; Fog synthesis,NVIDIA Jetson Xavier NX 16 GB,mAP50 = 0.891 (SeaDronesSee) and 0.824 (DOTA-Marine); strong APs for small objects (0.448 and 0.395); low params (14.79M) and GFLOPs (77.9),Performance drop under extreme weather; Knowledge distillation increases model complexity,not provided,FALSE
40,2025,4,Shi et al,ShipYOLOv5,A DL Approach for Ship Detection in RS Images,MSE,research,one stage,YOLOv5s,Modified YOLOv5s backbone using LiteConv (PConv + 1×1 convolutions) replacing C3 modules,PANet with EDC (Efficient Dynamic Convolution: ELA + ODConv) + CARAFE upsampling,LADH-Head (Lightweight Asymmetric Decoupled Head) for separate classification and regression,1024×1024,ShipRSImageNet/DOTA,NA,NA,RGB,ShipRSImageNet: ~930×930; DOTA: 4000×4000,Cropping; Resizing; Normalization; K-means anchor clustering; CARAFE upsampling; Attention-based feature enhancement,8× NVIDIA RTX4090 24 GB,"ShipRSImageNet: Precision 75.8, Recall 71.8, mAP@0.5 = 74.1, mAP@0.5:0.95 = 62.4. DOTA: mAP = 76.6. Strong small-target accuracy, improved robustness under occlusion and complex backgrounds. Address the challenges posed by small and densely distributed targets",Higher GFLOPs (24.8) than baseline YOLOv5s. Computationally heavier than other lightweight YOLO variants. Ineffective in detecting heavily occluded regions,not provided,TRUE
41,2024,10,Liu,FineShipNet,Exploiting Discriminating Features for Fine Grained Ship Detection in Optical RS Images,IEEE JSTAEORS,research,one stage,NA,ResNet-50,BSM (Blend Synchronization Module) + PFFM (Polarized Feature Focusing Module),RetinaNet-style head with task-decoupled FPN features (classification/regression),300×300-~930×930,HRSC2016/DOSR/FGSD2021/ShipRSImageNet,0.5 m (DOSR),2.5 m (DOSR),NA,HRSC2016: 300×300–1500×900; DOSR: 600–1300 px; FGSD2021: 157–7789 px width; ShipRSImageNet: ~930×930,Random flip; Rotation; HSV dithering,NVIDIA RTX 2080 Ti,"State-of-the-art mAP: 81.3% (HRSC2016), 68.5% (DOSR), 85.7% (FGSD2021), 63.9% (ShipRSImageNet); strong small-object performance; improved discriminating feature extraction",High FLOPs and parameter count; occasional misclassification of docks as ships; larger computational cost compared to lightweight models,not provided,TRUE
42,2024,9,Chen et al,YOLOv5,Transformer Enhanced YOLOv5 Network for Ship Detection in Optical RS Images,IEEE ICICSP,research,one stage,YOLOv5s,SwinTransformer-Tiny,YOLOv5s PANet/FPN,Standard YOLOv5s detection head,NA,LEVIRShip/HRSC(custom),NA,NA,NA,NA,NA,NA,"LEVIR-ship: mAP50 ↑ from 93.8% to 95.2%. HRSC-4: mAP50 ↑ from 96.2% to 96.5%. Finegrained classification performance. Increased P and R, reduced false alarms and missed detections",Uses heavy Transformer backbone increasing computational cost; model less sensitive to medium-scale features; orientation not modeled.,not provided,TRUE
43,2024,2,Hu et al,YOLOv5,DL techniques for extraction of lit fishing vessels,ScienceDirect,research,one stage,YOLOv5s,CSPDarknet,FPN + PANet,YOLOv5 detection head with an added 160×160 small-target detection layer,128×128,LUOJIA(custom),130,130,Single-band nighttime light,128×128,Single-band nighttime light converted to tri-band via image stretching; Square-root stretching; Tri-band synthesis; Normalization; Mosaic augmentation,Intel Xeon Silver 4210R 32 GB RAM NVIDIA Tesla V100 Ubuntu 18.04 CUDA 10.2,"Precision 0.966, Recall 0.930, mAP@0.5 0.931; strong robustness; large improvement over vanilla YOLOv5s; small-target detection performance",Requires tri-band reconstruction of single-band data; higher preprocessing complexity; small dataset; YOLOv5 architecture is outdated compared to YOLOv7/YOLOv8,https://github.com/echo20229/luojia_01,TRUE
44,2023,9,Ying et al,3WM AugNet,A Feature Augmentation Network for RS Ship Detection Based on Three Way Decisions and Multigranularity,IEEE TGRS,research,one stage,S2ANet,ResNet-50;ResNet-101,MFAM (Multigranularity Feature Augmentation Module: BF2L + ACA),S2A-Net head: FAM (feature alignment) + ODM (orientation detection module),512×512,FGSD2021/HRSC2016/UCAS-AOD,NA,NA,NA,FGSD2021: 157–7789; HRSC2016: 300×300–1500×900; UCAS-AOD: NA,Resizing,2× NVIDIA Tesla V100 32 GB for training/1× Tesla V100 for testing,"State-of-the-art mAP: 89.45% (FGSD2021), 90.60% mAP07 & 96.94% mAP12 (HRSC2016), 89.33% mAP07 (UCAS-AOD); excellent performance on blurred and small ships via MFAM and BCDM",Increased complexity due to blur-classification preprocessing; MFAM adds computation; Not always top on VOC2012 metric,not provided,TRUE
45,2023,9,Tian et al,LMSDNet,A Lightweight and High Performance Ship Detection Network for Optical RS Images,Remote Sens,research,one stage,YOLOv5,ELA-C3,"Improved FPN/PANet with NCC (New Channel Compensation), IGCM (Improved Ghost Conv), and micro-fusion blocks",YOLO head with newly added high-resolution P2 detection layer for small ships,640×640,VRS-SDv2/MASATI,NA,NA,NA,VRS-SDv2:512x512;MASATI:512x512,NA,NVIDIA RTX 3090 24 GB,"Lightweight. Low computational complexity. Reach 81.3% at AP@50 and 38.4% at AP@50:95 in VRS-SD v2, while with only 5.5M parameters and 12.8 GFLOPs. Among the existing lightweight detectio models, LMSD-Net has better detection capability for small and tiny ships and achieves SOTA performance",Backbone very lightweight → weaker deep semantics; detection degrades for crowded overlapping small ships; lacks oriented detection.,https://github.com/gdut-chenming/LMSD-YOLO,TRUE
46,2023,9,Liu et al,YOLOv5s,Improved YOLOv5s for Small Ship Detection With Optical RS Images,IEEE GRSL,research,one stage,YOLOv5s,YOLOv5s CSPDarknet with Coordinate Attention (CA),"Improved FPN + PAN with added skip connections (IPNH), HSPP replaces SPP",YOLOv5s head with added 160×160 shallow feature map,512×512,OSSD/LEVIRShip,NA,NA,NA,OSSD:20000×20000;LEVIR-Ship:NA,Changing brightness; Adding noise; Rotating; Mirroring; Blurring,NVIDIA GeForce RTX 3070 8 GB 31.7 GB RAM,"OSSD: Precision 95.85%, Recall 90.21%, AP 90.20 (best overall). LEVIR-Ship: AP 76.86 (best). Strong small-ship detection via HSPP, CA, EIOU, improved neck/head.",FPS (82) slightly lower than YOLOv5s and DRENet; additional modules increase complexity; requires anchor retraining.,https://github.com/wenjieo/Improved-YOLOv5s-for-small-ship-detection,TRUE
47,2023,8,Song et al,YOLOv5s,Ship detection in haze and low light RS images via colour balance and DCNN,AOR,research,one stage,YOLOv5s,CSP (Cross Stage Partial Networks);CBL (a Convolution layer a Batch Normalization layer and an activation function layer LeakyRelu) and SPP (Spatial Pyramid Pooling),FPN,NA,NA,HRSC2016/DIOR,NA,NA,NA,NA,NA,NA,Practical method for ship detection under complex backgrounds. mAP of the improved YOLO-v5s model SplitShuffle+de_haze was 95.27% and 78.86% outperforming existing ship detection models on the HRSC2016 and DIOR datasets,Ships that may be sheltered by other vessels or objects.,not provided,FALSE
48,2023,8,Chen et al,KRNet,Arbitrary oriented ship detection based on Kullback Leibler divergence regression in RS images,Earth Sci Inform,research,one stage,RetinaNet,ResNet-50,RFF-Net (Reinforced Feature Fusion Network) with CAM (Coordinate Attention Module) + FPN (P3–P7),NA,800×800,HRSC2016/DOTAShip,NA,NA,NA,HRSC2016: 300×300–1500×900; DOTA Ship: 800×800–4000×4000,Random flip; Random rotation; Random scaling; Cropping,Intel Core i7-10700F NVIDIA RTX 3070 32 GB RAM,HRSC2016: AP = 89.87% at 19.7 FPS; DOTA Ship: AP = 83.62%. Performs for small and densely arranged nearshore ships; robust angle regression via KLD,More complex than standard RetinaNet; CAM and OIM increase computational cost slightly; training requires careful tuning of KLD parameters.,not provided,TRUE
49,2023,7,Si et al,YOLOv5RSSD,Maritime Ship Detection Method for Satellite Images Based on Multiscale Feature Fusion,IEEE JSTAEORS,research,one stage,YOLOv5,CSPDarknet with SE attention inserted after the 2nd CBL+C3 block,Improved BiFPN (cross-layer weighted FPN/PAN fusion),Standard YOLOv5 head (3-scale detection),640×640,KaggleRemoteSensingShipDetection,NA,NA,NA,768×1768,Resizing; Mosaic image enhancement; Random affine; Augment HSV; Random horizontal flip,Intel i9-10900X CPU NVIDIA GTX 3080 Ti 12 GB Ubuntu 11.7,"mAP = 96.1% (↑4.3% over YOLOv5); improved small-ship, dense-ship, fog-scene detection; higher confidence distribution; strong generalization (DOTA mAP gains)","Some targets in remote sensing images may be even smaller and in complex background images the targets may be blurred or distorted, making it difficult for the detector to detect them correctly",not provided,TRUE
50,2023,4,Qiu et al,YOLFShipPnet,With Pyramid Vision Transformer,IJCIS,research,one stage,RetinaNet,PVTv2 (B5 depth variant),Feature Pyramid Network (FPN),RetinaNet head: classification subnet + oriented box regression subnet (rotated bounding boxes),800×800,HRSC2016;SSDD,NA,NA,NA,HRSC2016:300×300-1500×900; SSDD: ~500×500,YOLOX HSV augmentation; Color jitter; Random hue/saturation/value shifts; Random scaling,12-core Intel Xeon Platinum 8255C RTX 2080 Ti CUDA 10.2,"HRSC2016: mAP = 0.5813 (↑5.22% over baseline). SSDD: mAP = 0.7697 (↑5.46%). Strong fine-grained detection (+10.03% over baseline), improved robustness to lighting and color variance.",Deeper PVTv2 increases computation; HSV augmentation may be insufficient in some scenarios; transformer backbone heavier than CNN alternatives.,not provided,FALSE
51,2023,4,Cui et al,IGWD,Optical RS Ship Object Detector Based on Improved GWD,IEEE EEBDA,research,one stage,GWD,ResNet-152 with DCN (Deformable Convolutional Network),NA,One-stage rotated detector head with GWD-based regression,NA,HRSC2016,0.4,2.0,NA,300×300-1500×1500,Cutout augmentation,Ubuntu 18.04 RTX 2080 Ti 11 GB 12-core CPU CUDA 10.2 cuDNN 10.2,"mAP improves by 7.05% after adding Cutout, DCN, and deeper ResNet; strong performance on rotated and occluded ships",High computational cost due to ResNet-152 + DCN; no multi-dataset evaluation; mainly improves large-ship detection,not provided,FALSE
53,2023,3,Lechen,ISNet,Improved Ship Detector,IEEE ISPCEM,research,one stage,RetinaNet,ConvNeXt,"FPN (P3–P7 feature pyramid, RetinaNet-style)",RetinaNet detection head with KLD-based oriented bounding-box regression,NA,HRSC2016,0.4,2.0,NA,300×300-1500×900,NA,Ubuntu 18.04 RTX 2080 Ti 11 GB 12-core CPU CUDA 10.2 cuDNN 7.5,"mAP improved from 0.518 (baseline) → 0.596 (ConvNeXt+KLD). Outperforms R3Det(SmoothL1) and R3Det(GWD). Strong detection of rotated, densely arranged ships.",ConvNeXt backbone increases computation; single dataset evaluation; no explicit enhancements for small ships.,not provided,FALSE
54,2023,1,Zalukhu et al,YOLOv5x6,Marine Vessels Detection on Very High Resolution RS Optical Satellites using Object Based DL,IEEE COMNETSAT,research,one stage,YOLOv5x6,CSPDarknet with additional CSP blocks,SPPF + PANet,YOLO detection head,640×640,ShipRSImageNet,0.3 m (from xView WorldView-3 subset),NA,NA,930×930,Resizing,Google Colab (GPU unspecified),"Precision 78.32%, Recall 72.27%, mAP@0.5 = 75.18%, mAP@0.5:0.95 = 66.36%; strong performance across 50 ship categories; good multi-object detection",Very long training time (1 week); heavy architecture (YOLOv5x6); performance still leaves room for improvement; high computational cost,not provided,TRUE
55,2022,12,Zhang et al,NA,Highly Adaptive Ship Detection Based on Arbitrary Quadrilateral Bounding Box,IEEE ICUS,research,one stage,YOLOv3,Darknet-53 (first 5 blocks retained),FPN + CBAM (channel & spatial attention),YOLOv3 head modified to output 4-vertex quadrilateral (8 parameters) + class + confidence,NA,HRSC2016/DOTAShip,NA,NA,NA,HRSC2016: 300×300–1500×900,Random flip; Rotation; Translation; Brightness/contrast adjustments,Intel i7-10750H CPU 32 GB RAM NVIDIA GTX 1650 GPU,"HRSC2016: AP = 87.8%, Prec = 41.9%, Recall = 93.7%. DOTA-Ship: AP = 76.8%. Strong dense-ship detection; quadrilateral boxes reduce occlusion and improve orientation accuracy; real-time on Jetson TX2.",Accuracy optimization limited; convergence slow; GIoU + 8-parameter regression increases complexity; performance depends on well-sorted quadrilateral vertices,not provided,TRUE
56,2022,12,Zhang et al,FRSNet,An Efficient Ship Detection Network for Thin Cloud and Fog Covered High Resolution Optical Satellite Imagery,IEEE JSTAEORS,research,one stage,NA,CSPDarknet53-Tiny,FPN (two-scale fusion: 26×26 and 52×52 feature maps),YOLO-style prediction head (2 detection scales) with optimized anchor boxes,416×416,SDIOR,0.5 m (GSD),30 m (GSD),RGB,800×800,Dark channel fog simulation (9 fog levels); Random splits; Resizing,Ubuntu NVIDIA RTX 3060 GPU CUDA,"mAP@0.5 = 43.20%, FPS = 423, SP = 51.60; maintains a certain detection ability in the fog remote sensing ship task and has a fast inference speed","Compared with state-of-the-art methods, it can better meet the needs of practical application scenarios",not provided,TRUE
57,2022,12,Liu et al,MSOA,Moving Ship Optimal Association for Maritime Surveillance Fusing AIS and Sentinel 2 Wake Data,IEEE TGRS,research,one stage,YOLOv5,CSPDarknet,FPN + PANet,Standard YOLOv5 detection head (3 detection scales),NA,S2MSD/S2SWD/AIS,10,10,NA,NA,NA,NA,"Combining position and motion information. Able to perform the simultaneous alignments of representation, time, and position in the context of heterogeneous Sentinel-2 and AIS data fusion. According to our experimental results, the proposed MSOA method can associate the detected ships from Sentinel-2 imagery with the AIS tracks with high precision and robust performance","The extracted information has certain uncertainty due to the constraints of different methods for feature extraction. The detection and feature extraction of small ships is difficult, limited by the 10 m spatial resolution of Sentinel-2 imagery",not provided,FALSE
58,2022,10,Zhou et al,YOLOv4,Ship Target Detection in Optical RS Images Based on Multiscale Feature Enhancement,CIN,research,one stage,YOLOv4,CSPDarknet-53,SPP + PANet with enhanced multiscale feature fusion,Standard YOLOv4 detection head (3-scale detection),416×416,LEVIRShip/NWPUVHR-10,NA,NA,NA,LEVIRship: 600x800;NWPU VHR-10:NA,NA,RTX3060 GPU,nAP 94.17 on NWPU VHR-10. Accuracy of the proposed algorithm improved compared with YOLO v4. Results on the NWPU VHR-10 dataset show that the proposed algorithm achieves a 3.56% improvement in the ship category compared to the baseline network.Multiscale enhancement.,NA,not provided,TRUE
59,2022,10,Li et al,R3Det,A New Ship Detection Algorithm in Optical RS Images Based on Improved R3Det,Remote Sensing,research,one stage,R3Det,ResNet50,NAS-FPN + ECA attention + COT (context enhancement with deformable & dilated conv),R3Det refined regression and classification subnets (oriented bounding boxes),800 × 800,FAIR1M,NA,NA,NA,NA,Get dark channel diagram; Get Atmospheric light intensity; Get projection rate; Guided filtering; Corrected image,NA,"Improved model achieves mAP = 0.66 on FAIR1M (↑ over R3Det baseline). Optimize the fusion effect of multistage features to better detect targets of different scales. Improvement especially on small ships (e.g., Fb +22.5% AP).","still a certain gap between the ship target detection model constructed in this paper and the actual application scenario. The actual remote sensing images acquired by satellites usually contain a large number of sea surface and land backgrounds. It is inefficient to directly detect ship targets in the images, and it has high requirements for data storage space and data transmission",not provided,TRUE
60,2022,9,Wang et al,SA,The Saliency Adjusted Deep Network for Optical Satellite Image Ship Detection,IEEE IGARSS,research,one stage,YOLOv4,CSPDarknet-53 with partial layers replaced by SAConv,SPP + PANet,YOLOv4 three-scale detection heads (CIOU loss),512×512,Nan-HaiGF-1,2,2,Panchromatic GF-1 imagery,18192×18000 px; cropped to 512×512,NA,NVIDIA GeForce RTX 3090 Ti 12 GB,"mAP = 91.42%, Precision = 91.88%, Recall = 88.76; outperforms Faster R-CNN, SSD, YOLOv3, YOLOv4 on Nan-Hai dataset",Small number of ships darker than background still missed; slight increase in computation from SDSL and SAConv,not provided,TRUE
61,2022,8,Qin et al,DSANet,An Improved Attention Guided Network for Arbitrary Oriented Ship Detection in Optical RS Images,IEEE GRSL,research,one stage,YOLOv4,"CSPDarknet-53 + CLM (Contextual Location Module, spatial attention)","PANet + GCM (Global Channel Module, channel attention)",Rotated YOLOv4 head with SkewCIoU loss for oriented bounding boxes,608×608x3,HRSC2016,NA,NA,RGB,NA,Channels uniformly segmented into a large number of grid cells to achieve end-to-end detection of ship targets,NVIDIA Tesla A100 80 GB,"AP0.5 = 90.41%, AP in inshore scenarios = 90.18%, FPS = 27.8; outperforming SOTA including R3Det, S2ANet, ROI-Transformer",CLM and GCM introduce extra computation; not lightweight; only evaluated on a single dataset,not provided,FALSE
62,2022,7,Patel et al,compYOLOv5,DL based automatic detection ships,JournalOfImaging,research,one stage,YOLO family comparison (YOLOv3/YOLOv4/YOLOv5),CSPDarknet53(YOLOv4/YOLOv5);Darknet53(YOLOv3),PANet(YOLOv4/YOLOv5);FPN(YOLOv3),Standard YOLO head (3-scale),416×416,KaggleShipsNet/KaggleAirbusShip,NA,NA,RGB,Shipsnet:80×80; Airbus:768×768,Resizing; Axis flip correction,Intel i5-8250U NVIDIA TITAN XP 12GB training also on Google Colab Tesla P100 16GB,"YOLOv5 mAP = 0.65, F1 = 0.61 (best among three); YOLOv4 mAP = 0.61; YOLOv3 mAP = 0.49",Limited to 10k images due to memory; YOLOv3 struggles with small objects; YOLOv5 slightly slower than YOLOv3,not provided,TRUE
63,2022,6,Chen et. al,DRENet,Based Method for Tiny Ship Detection in RS Images,IEEE TGRS,research,one stage,YOLOv5s,YOLOv5s CSPDarknet + DRE modules,FPN,YOLOv5 detection head (three-scale) + CRoss-stage Multi-head Attention(CRMA),512x512,LEVIRShip,16,16,RGB,10000×10000;50000×20000,Resizing,NVIDIA Tesla V100 GPU,"Considering the computation and complexity, achieves good performance even in the downsampled version of the existing HR dataset. Focused for tiny ships. Experiments on LEVIR-Ship verify that our proposed DRENet has higher detection accuracy and ensures real-time detection speed at the same time compared with other state-of-the-art detection methods",Not evaluate with other datasets.,https://github.com/WindVChen/DRENet,TRUE
64,2022,5,Xu et al,LMO,A Ship Detection Model for Low Resolution Optical Satellite Imagery,IEEE JSTAEORS,research,one stage,YOLOv4,CSPDarkNet53 + Multiscale Dilated Convolution (MDC) blocks,SPP + FPN + PAN (same as YOLOv4),Three-scale YOLO detection heads (same as YOLOv4),512×512,GF-1 WFV;GF-1 PMS,GF-1 WFV:16; GF-1 PMS:8,GF-1 WFV:16; GF-1 PMS:8,GF-1 WFV:0.45-0.52um; GF-1 PMS:0.77-0.89um,Original large images; sliced to 512×512 with 15% overlap; ships between 8–35 pixels,NA,NVIDIA GeForce RTX 3090 16 GB,AP = 92.32% (WFV) and 93.07% (PMS); improved recall (+4.31%) and AP (+4.63%) vs. baseline YOLOv4. Able to detect small ships is low-resolution imagery,Fails for ships heavily covered by thick clouds; sensitive to clutter and broken clouds; not the fastest model,not provided,TRUE
65,2022,4,Wen et al,MSSSD,multi scale single shot detector for ship detection in RS images,Appl Intell,research,one stage,SSD,VGG-16(ASDC);ResNet-101(COCO),Encoder–decoder with multi-scale cross-skip connections (MC); no FPN,SSD-style multiscale detection heads + segmentation branch for DM,300×300/321×321,KaggleAirbusShip/MSCOCO2017,NA,NA,RGB,NA,NA,8 × NVIDIA RTX 1080 Ti GPUs 88 GB RAM,AP = 71.0% on ASDC; strong improvement vs SSD baseline (AP +6.5%); much better small-object performance (+18% over SSD); competitive mAP (36.69%) on COCO,"Slower than SSD, FSSD, DSSD; increased computational cost due to encoder–decoder, segmentation branch, deep supervision",not provided,TRUE
66,2022,4,Su et al,DCNDarknet25,Detect Larger at Once Large Area RS Image Arbitrary Oriented Ship Detection,IEEE GRSL,research,one stage,YOLO,DCNDarknet25 (lightweight Darknet with deformable convolutions); CSPDarknet25 (ablation),SPP + PANet-like bidirectional feature pyramid (with DCN_CSP modules),"Three-scale YOLO head with non-angle rotation regression (x, y, w, h, OH, OV)",800×800x3/10000x10000x3,HRSC2016/LARS,HRSC2016:0.4;LARS:0.8,HRSC2016:0.4;LARS:0.8,RGB,HRSC2016:300×300-1500×900;LARS:10000×10000,Resizing ; Mosaic augmentation; Random scale; Random crop,Intel Xeon Silver 4210 NVIDIA RTX 2080Ti 11 GB RAM 32 GB,HRSC2016: mAP ≈ 89.3%; LARS: higher accuracy and faster speed than sliding-window methods; can detect entire 10k×10k image at once; only 6.5M params and 12.0 GMACs,Accuracy slightly lower than CSL; deformable convolutions increase complexity; optimized mainly for rotation detection rather than very small targets,not provided,FALSE
67,2022,4,Anusha et al,YOLOv3,Region based Detection of Ships from RS Satellite Imagery using DL,IEEE ICIPTM,research,one stage,YOLOv3,Darknet-53 (standard YOLOv3),NA,YOLOv3 three-scale detection heads,NA,KaggleAirbusShip,NA,NA,NA,NA,NA,NA,Accuracy = 96.4%; Precision = 0.9769; Recall = 0.9541; F1-score = 0.9643; good performance on noise and environmental variation,No oriented bounding boxes; relies on simple preprocessing; lacks evaluation on real satellite resolutions; dataset contains many near-duplicate synthetic samples,not provided,FALSE
68,2021,11,Xue et al,WakeNet,Rethinking Automatic Ship Wake Detection State of the Art CNN Based Wake Detection via Optical Images,IEEE TGRS,research,one stage,RetinaNet,FcaNet (ResNet-50/ResNet-101 with Fca modules for frequency-domain channel attention),FPN enhanced with MSAM (Multiscale Spatial Attention Module),"Three heads: (1) Classification head, (2) OBB regression head, (3) Landmark regression head (wake tip + Kelvin arm directions using discrete RT layer)",768×768,SWIM,0.5,2.5,RGB,NA,RGB rendering; 768×768 tiling; Color distortion; Flips; Affine transforms,NVIDIA RTX 3090 24 GB,"AP = 91.66% (RetinaNet baseline = 86.43%); improved detection in clutter, better orientation prediction, robust to sun glint and weak wakes",Difficulty detecting overlapping wakes with identical heading/velocity; landmark head adds complexity; high annotation cost; not a ship detector,not provided,FALSE
69,2021,11,Shao et al,TASFF,Vessel Detection From Nighttime RS Imagery Based on DL,IEEE JSTAEORS,research,one stage,YOLOv5s,YOLOv5 CSPDarknet backbone (default YOLOv5s),Improved FPN + PAN with Tiny Target Detection Layer (P2) + four-layer ASFF (Adaptive Spatial Feature Fusion),Standard YOLOv5 detection heads with added tiny-object detection layer,640×640,VIIRSDNB,NA,NA,NA,512x512,Resizing,Intel(R)Core(TM)i7-8700CPU 32 GB NVIDIA GeForce RTX3080,"Precision = 95.2%, Recall = 93.1%, mAP@0.5 = 94.9%; strong improvement for small/weak-light vessels; fewest missed detections among compared models",VIIRS nighttime data has low spatial resolution; still limited ability to distinguish different kinds of light sources; small bright land lights require additional masking,only dataset,TRUE
70,2021,9,Wu et al,LRTSDet,Tiny Ship Detection in Low Resolution RS Images,Remote Sensing,research,one stage,RetinaNet,ResNet-50 (ImageNet pre-trained) with Group Normalization in heads,FPN (P3–P5) with inserted Filtered Feature Aggregation (FFA) modules in lateral/top-down connections,RetinaNet-style per-level detection heads (classification + box regression); each head is preceded by a HASP module (Hierarchical-Atrous Spatial Pyramid),512×512/800×800,GF1-LRSD/DOTAShip,16,16,Multispectral converted to 8-bit RGB (near-infrared band removed); 4-band raw → 3-channel processed,12000×12000,16-bit to 8-bit conversion with 2% truncated linear stretch; Cropping; Normalization; Random horizontal flip,8 on 2 RTX 2080Ti GPUs,"GF1-LRSD: AP = 83.87% (RetinaNet baseline ~79.75%); DOTA-Ship: AP ≈ 83.62%; clear gains from FFA (+1.29 AP), HASP (+0.83 AP), IoU-Joint loss (+0.79 AP), and GIoU regression (+0.75 AP); robustness in offshore/inshore; clouded scenes. Focused on detecting tiny small objects in low-resolution images. Model trained on custom dataset with low-resolution tiny ship detection in remote sensing images, called GF1-LRSD, in which the resolution (16 m) of images and the average size (10.9 ±3.0 pixels) of instances are much smaller than available datasets","Higher computational cost than the simplest baselines (reported FLOPs ~54.67 G, params ~32.53 M); some sensitivity to extremely adverse imaging (very thick clouds/occlusions); requires careful tile-cropping and high-quality annotation (high annotation cost for tiny instances)",https://github.com/Lausen-Ng/LR-TSDet,TRUE
71,2021,8,Hu et al,PAGYOLOv4,A Portable Attention Guided YOLO Network Small Ship Detection,Remote Sensing,research,one stage,YOLOv4,CSPDarknet53 (with SPP on top),FPN + PAN (standard YOLOv4 neck),YOLOv4 detection heads (single-stage multi-scale detection heads),512×512,MASATI,NA,NA,NA,Cropping at 512×512; ship targets are small within those tiles,Mosaic augmentation,4 GB RAM and NVIDIA Quadro RTX 4000 GPU,Best reported AP = 91.0% on MASATI (YOLOv4+DAFO + proposed loss); low false alarm rate FAR = 4.50%; real-time capable (reported ~70 FPS). Focused on small tiny ship detection. Improves the detection accuracy and does not introduce additional computational costs compared with the YOLOv4,"Adds attention modules (slight FPS drop vs baseline when only DAFO added), requires careful anchor tuning and dataset-specific settings; still susceptible to occlusion of scene elements; large-dynamic scale change and dense target distribution are all challenge",only dataset,TRUE
72,2021,7,Yin et al,RetinaNet,Ship Detection from Optical RS Imagery Based on Scene Classification and Saliency Tuned Retinanet,IEEE IGRSS,research,one stage,RetinaNet,ResNet-FPN (ResNet-50; FPN levels P3–P7),FPN with added Multi-Scale Saliency Feature Fusion Module (MSFM),RetinaNet classification + regression,512×512,(custom)/GF-1WFV/HRSC2016,NA,NA,NA,NA,NA,NA,"AP = 87.67% with SCM + MSFM; superior to RetinaNet-R (87.13%), RetinaNet-H (81.89%), and RoI-Transformer (87.32); effective in thin cloud, thick cloud, and shore scenes; saliency fusion improves discriminative features",Additional MSFM branches reduce speed (~9 FPS vs 10–14 FPS baselines); depends on manually engineered saliency and scene classification; four-model training increases computational cost,not provided,FALSE
73,2021,4,Wu et al,AMRNet,Arbitrary Oriented Ship Detection Using Attention Module Multi Scale Feature Fusion and Rotation Pseudo Label,IEEE Access,research,one stage,RetinaNet,ResNet-50 (ImageNet pre-trained),FPN + MFA (Multi-scale Feature Aggregation) + attention modules,Rotated RetinaNet detection heads (classification + bbox regression + angle regression),512x800,HRSC2016/DOTAShip,NA,NA,NA,NA,Rotationo augmentation,NVIDIA GTX 1080Ti GPU 12 GB,"HRSC2016: mAP = 90.32%; DOTA ship class: mAP = 78.65%; improves angle prediction via pseudo-labels; MFA improves multi-scale recall; strong gains over RetinaNet-H, RetinaNet-R, and RoI-Transformer",Pseudo-label generation may propagate errors; computational overhead from MFA + attention; orientation-dependent anchors increase training complexity,not provided,FALSE
74,2021,4,Tian et al,YOLOv3/MaskRCNN,Image Enhancement Driven by Object Characteristics and Dense Feature Reuse Network for Ship Target Detection in RS Imagery multiscale,Remote Sensing,research,one stage,YOLOv3/MaskRCNN,Darknet-53 for YOLOv3; ResNet-50 for Mask R-CNN,FPN + ASPP (as part of RFE module),YOLOv3 detection heads; Mask R-CNN detection + segmentation heads,NA,ChangGuang/SSDD,NA,NA,NA,NA,NA,NA,"Handles optical and radar data. AP improvements: On ChangGuang: YOLOv3 (79.32% AP), Mask-RCNN (87.39% AP); On SSDD: YOLOv3 (69.84%), Mask-RCNN (92.09%). Mask R-CNN performed better.",NA,not provided,FALSE
75,2021,2,Chen et al,NA,Based on Attention Mechanism for Fast and Accurate Ship Detection in Optical RS Images,Remote Sensing,research,one stage,YOLOv3,Darknet-53,Three-level FPN-style pyramid with added DAM attention branches,YOLOv3 detection heads at 3 scales (with DAM-refined features),608×608,MSD,NA,NA,Panchromatic,1000x1000,Resizing,NVIDIA GeForce GTX 1080 Ti GPU,"mAP = 85.07% on MSD; FPS = 28; large gains for small ships (AP +8% over YOLOv3); performs under clouds, waves, and inshore clutter",Slightly slower than SSD300; excludes extremely small ships (<10 px); additional DAM structure increases complexity,not provided,FALSE
76,2020,12,Yu et al,CR2ANet,A Cascade Rotated Anchor Aided Detector for Ship Detection in RS Images,IEEE TGRS,research,one stage,RetinaNet,ResNet-50 (ImageNet pre-trained) with FPN,"FPN (P3–P7) unchanged, but fed by cascade rotated-anchor refinements",Rotated RetinaNet heads with 3-stage cascade refinement (classification + rotated box regressors),800×800,DOTA/HRSC2016,NA,NA,NA,DOTA:800X800-4000×4000;HRSC2016:300×300-1500×900,Horizontal flipping; Random rotation augmentation,NA,On HRSC2016: mAP = 90.50%; on DOTA Ship: mAP = 79.14%; improved performance on objects with large aspect ratios and arbitrary orientations; cascade anchors reduce false positives,Lower FPS than single-stage RetinaNet-R due to 3-stage cascade; rotated anchors significantly increase computation; model is sensitive to anchor-angle design,not provided,FALSE
77,2020,5,Li et al,NA,A Novel CNN Based Method for Accurate Ship Detection in HR Optical RS Images via RBB,IEEE TGRS,research,one stage,FasterRCNN,ResNet-101 (ImageNet pre-trained),Feature Pyramid Network (FPN),RBB detection head: rotated Region Proposal Network + rotated RoI pooling + rotated bbox regression,800x,(custom),NA,NA,NA,1200×1200-2000×2000,Rotation augmentation; Horizontal flip,NA,"mAP = 90.67%; outstanding detection for densely arranged ships and large aspect ratios; rotated proposals reduce false positives significantly; outperforms Faster R-CNN, R²CNN, RRPN, FPN baseline",Performance degrades for extremely small ships (<8 px),not provided,FALSE
78,2025,9,Nandal et al,ImpYOLOv11/Transformer,YOLOv11 with transformer attention for real time monitoring of ships,Results in Engineering,research,hybrid,YOLOv11/Transformer,YOLOv11 backbone with C3K2 and C2PSA modules,SPPF + FPN (multi-scale feature fusion),Dynamic anchor-free prediction head (YOLOv11),640x640,KaggleShipsVesselsAerialImages,NA,NA,NA,NA,Resizing; Normalization,Server: Intel Xeon Gold 128GB RAM NVIDIA A100 NVMe SSD; Clients: NVIDIA RTX 3090/4090 32GB RAM SSD,"FL framework enables multiple edge devices to train collaboratively without direct access to sensitive data, which helps achieve user privacy for maritime monitoring applications. Dataset used adresses many challenges of ship detection. Accuracy: 95%; Recall: 90%; mAP50: 92%; mAP50–95: 54.7%. Detection of ships on vast oceanic expanses with minimal delay; Focus on ships even in complicated environments with occlusions, background noise, and densely packed conditions. Compared to other classical models such as YOLOv5, YOLOv8, and DETR, the proposed FL-based YOLOv11 model combined with transformer attention module demonstrated higher precision, recall, and mAP50 and mAP50–95 scores, ensuring more reliable ship detection across diverse categories of satellite images",Needs high-performance hardware. Still not validate its effectiveness in practical applications,not provided,TRUE
79,2025,9,Magalhaes et al,CompYOLOv8s/YOLOv10n,Vessel detection leveraging satellite imagery and YOLO in maritime surveillance,RSASE,research,anchor free,YOLOv8s/YOLOv10n,NA,NA,NA,640x640,Sentinel-2/CEiiA/GEOSAT-2,Sentinel-2:10,Sentinel-2:10,GEOSAT-2: RGB,Sentinel-2:1000×1000,Normalization; Random horizontal flip; Rotations (±180°); Translations (10%); Scaling (0.8–1.2),Intel Xeon E5-2650 v4 + RTX A4500 20GB Intel Xeon E5-2680 v3 + Quadro M5000 8GB,"YOLOv8 demonstrated superior performance in vessel and wake detection on medium-resolution Sentinel-2 imagery, with fine-tuning and dataset expansion leading to significant improvements. The Vessel class consistently outperformed the Wake class, probably due to clearer boundaries and a higher number of instances.Final YOLOv8m (pretrained on small dataset and retrained on extended dataset) achieved: F1 = 88.69%, Precision = 90.47%, Recall = 86.98%, IoU = 72.91%, mAP50 = 87.53%, mAP50-95 = 61.20%",Wake detection significantly worse; class imbalance; rectangular boxes not ideal for wakes; model sensitive to confidence threshold; YOLOv10 underperformed with default threshold,available on request,TRUE
80,2025,9,Hui et al,YOLOv8LFVM,A Lightweight UAV Based Model for Real Time Fishing Vessel Tracking and Dimension Measurement,MSE,research,anchor free,YOLOv8,MobileNetV3 (NAS-optimized lightweight backbone),Improved YOLOv8-OBB neck with AKConv and C2fRepGhost modules for feature fusion,YOLOv8-OBB oriented bounding box detection head,640×640x3,UAV,"Not explicitly stated (DJI Mavic 3T RGB camera, UAV altitude 100 m)",Same (consumer UAV RGB imagery),RGB imagery (DJI Mavic 3T),"Original UAV images cropped/processed, training image size 640×640",Brightness/Contrast/Saturation adjustment; Cutout; Rainline simulation; Fog effect; Non-geometric augmentation to preserve OBB,Intel Core i5-13450HX NVIDIA RTX 4050 GPU Windows 11 CUDA 12.2,"Precision 99.2%, Recall 99.7%, mAP@0.5 = 99.2%, mAP@0.95 = 97.2%; 65% fewer parameters and 69% fewer GFLOPs than baseline. Categorizes fishing vessels into three classes: below 12 m, 12 to 24 m, and above 24 m. Can identify and measure fishing vessels of different scales (8.9m lenght). Wraps fishing vessels.",Not tested in harsh open-water environments; not implemented with remote sensing images; angle labeling sensitive; width measurement less accurate; one outlier due to manual annotation error,not provided,TRUE
81,2025,8,Ou et al,DHLNet,A Dynamic Hierarchical Lightweight Network for Enhanced Ship Detection in RS Images,IEEE JSTAEORS,research,anchor free,YOLOv8,YOLOv8 backbone enhanced with DHB (Dynamic Hybrid Block),FHAFB (Faster High-Order Attention Fusion Block) neck,LQEBH (Lightweight Quality Estimation BN Head),NA,(custom)/DOTAShip/HRSC2016/VisDrone2019/NWPUVHR-10,NA,NA,NA,NA,Mosaic augmentation; Copy-Paste strategies for object transplantation; Random Affine transformations that introduce geometric variations; MixUp which linearly blends different image-label pairs,NVIDIA L20 GPU,"Has advantages in multiscale target detection, complex scene processing, and small target recognition. mAP50_Custom = 91.4%; mAP50_DOTA_Ship = 62.3%; mAP50_HRSC2016 = 96.5%; mAP50_VisDrone = 43.7%; Small-target detection, low GFLOPs (20.3), 136 FPS","Further optimization of computational efficiency is still needed, especially for deployment on edge computing devices. In addition, future research may apply DHLNet tomore complex remote sensing tasks and higher resolution datasets to enhance the model’s robustness and generalization capabilities",not provided,TRUE
82,2025,5,Zhang et al,YOLOv8SD,An Improved Lightweight Ship Detection Model Based on YOLOv8,SPIE EIEDP,research,anchor free,YOLOv8n,C2f-Faster-EMA backbone (FasterNet block + EMA attention replacing Darknet bottleneck),"C2f-Faster (lightweight neck replacing standard C2f), SPPF-LSKA (LSKA attention added to SPPF)","TDADH (Task-Decomposition Aligned Detection Head, single shared head replacing 3 YOLOv8 heads)",NA,WHU-RSONE-OBB(custom),NA,NA,NA,NA,NA,NA,Lighweight. Precision = 90.8%; Recall = 89.7%; mAP50 = 94.8%; mAP50_95 = 74.3%; GFLOPs = Reduced from 8.7 to 7.0; Parameters = Reduced to ~1.98M,"Weakened classification performance on multi-class datasets; Model improvements specialized for WHU-RSONE-OBB (generalization limitations; Increased architectural complexity despite lightweight claim; Future work will focus on data augmentation and other efforts for the dataset, enabling the model to adapt to multiscenarios, multi-classes, and to perform real-time target detection tasks under complex conditions.",not provided,FALSE
83,2025,1,Yildirim Kavzoglu,CompYOLOv8n/s/m/l/x,Deep CNNs for ship detection using refined DOTA and TGRS HRRSD high resolution image datasets,ASR,research,anchor free,YOLOv8,Standard YOLOv8 CSP-based,YOLOv8 PAN-FPN neck,YOLOv8 decoupled detection head,640×640,DOTAShip/TGRSHRRSD,DOTA:0.1;HRRSD:0.15,DOTA:4.5;HRRSD:1.2,RGB,DOTA:800x800-4000x4000;HRRSD:NA,YOLOv8 built-in augmentations (Mosaic/MixUp/HSV/Flips/Scaling),Intel i7 10870H CPU with NVIDIA GeForce RTX 3060 GPU for training/Google Colab Pro NVIDIA A100 GPU for validation,"YOLOv8 provided the best results according to the COCO metrics and detected ships with an AP value of 96.33 % for the 0.50 IoU threshold, followed by CenterNet with a large margin (88.80 %). On the other hand, Faster R-CNN showed a slight difference from CenterNet with 85.30 % AP@0.50. DOTA refined dataset: YOLOv8x achieved mAP50 = 90.1%; HRRSD dataset: YOLOv8x achieved mAP50 = 95.6%; Better precision and recall than YOLOv5 and EfficientDet baselines; Strong performance on rotated ships and cluttered harbors. YOLOv8 was trained shorter than the others on the Google Colab environment, which resulted in the fastest converging model. Therefore, it was evident that the YOLOv8 model provided the best trade-off between speed and accuracy for the ship detection task in this study",NA,open source,TRUE
84,2025,1,Maddelabhargavi Girija,CompYOLOv8/YOLOv9,Efficient Ship Detection,Grenze,research,anchor free,YOLOv8/YOLOv9,"YOLOv8: CSP-based backbone; YOLOv9: C2f-based backbone with SPT module (as described conceptually, not modified by authors)",Standard YOLOv8 PAN-FPN; YOLOv9 standard PAN with Spatio-Temporal Transformer (SPT),Standard YOLO heads (unaltered),NA,KaggleShipsVesselsAerialImages,NA,NA,NA,NA,NA,NA,"YOLOv9 > YOLOv8 by small margin: mAP@50 (0.439 vs 0.432), mAP@50-95 (0.246 vs 0.243)",No methodological details; unclear training protocol; lacking scientific rigor; precision slightly lower for YOLOv9; not a reproducible study,not provided,FALSE
85,2025,1,Bakirci,CompYOLOv5/v7/v8/v9,Advanced ship detection and ocean monitoring with satellite imagery and DL,RSMS,research,anchor free,YOLOv9,GELAN (Generalized Efficient Layer Aggregation Network),PAN-FPN style structure (YOLOv9 integrated PAN/FPN variant),YOLOv9 decoupled detection head with PGI support,480×480,(custom),0.3,15,NA,NA,Adjustments to brightness and contrast to simulate different lighting conditions; Horizontal flipping; Modifications to color temperature and saturation to reflect environmental variations; Application of color filters to mimic diverse atmospheric effects; Sharpness enhancements to emphasize edge details; Scaling variations to account for differences in object size and perspective; Addition of a haze effect to simulate foggy or hazy weather conditions,Google Colab with NVIDIA Tesla T4 or P100 GPU,"Variety of data augmentation techniques. Effective algorithm in this evaluation, demonstrating exceptional capabilities in accurately detecting ships while maintaining rapid inference times. mAP = 0.959; Precision = 0.947; Recall = 0.872; F1 = 0.908; Inference time = 6.28 ms (fastest among YOLOv5/7/8/9); Superior small-ship detection (<250 px², best R², MSE, MAE)",NA,open source,TRUE
86,2024,12,Kapoor Sinha,CompYOLOv8/YOLOv7/DETR,Object Detection in Maritime Surveillance A Data Centric Comparison of YOLO and Transformer Based Models,IEEE CICT,research,anchor free,YOLOv8,ResNet/Darknet-like,YOLOv8 FPN/PAN,YOLOv8 decoupled detection head,NA,RoboflowShip,NA,NA,NA,NA,Horizontal flip; Random Gaussian blur with random sigma and kernel size; Hue/saturation/brightness adjustment; Grayscale conversion; Rotation; Scaling; Normalization,Intel i5 10th Gen CPU 30 GB RAM NVIDIA GeForce MX330 GPU,"Tested under varying conditions such as scale, lighting, and environmental complexity;YOLOv8 outperforms YOLOv7 and DETR in both accuracy and computational efficiency. YOLOv8’s robustness in managing complex satellite imagery, making it the most suitable model for high-precision object detection in this domain; superior robustness in satellite image variability.",No evaluation on small vessels or low-resolution maritime scenarios,open source,FALSE
87,2024,12,Fang et al,RSA,A Multiscale Ship Detection Algorithm Based on Optical RS Image,JMSE,research,anchor free,YOLOv7,YOLOv7 backbone with Shuffle Attention (SA),4-layer Multi-Scale Feature Pyramid (FPN-like) with bottom-up Shuffle Attention,Rotated detection head with sine–cosine angle prediction,NA,HRSC2016/DOTA,NA,NA,NA,NA,NA,AMD Ryzen 75800 H with Radeon Graphics CPU Lenovo) 16 GB DDR4 3200 MHz RAM NVIDIA GeForce RTX 3060 Laptop GPU 6 GB Windows 11 CUDA 11.6 and CUDNN 8.6.0,"Small Ship Attention Mechanism introduced to specifically address small-scale ship targets, augmenting the salient features across various scales and enhancing the precision of small target ship detection in low-contrast and small-sized conditions.mAP=0.917 (HRSC2016), mAP=0.830 (DOTA); +6.4% vs R2CNN, +5.3% vs RRPN, +3.0% vs YOLOv7","Image dataset trained relatively insufficient; Classification of ships can become more detailed; this paper did not classify the ship dataset, so the subsequent research can be subdivided into ship image types; Need to improve the detection speed and model robustness. Due to the improvement of accuracy, the detection time will increase accordingly. Still room to adapt to different application scenarios, such as large-scale ship monitoring in the target sea area",available on request,TRUE
88,2024,11,Ji et al,MBSDet,A Novel Method for Marine Object Detection in Aerial Imagery with Complex Background Suppression,Electronics,research,anchor free,RTMDet,CSPNeXt,Feature fusion with MFE dynamic upsampling,Rotated detection,NA,HRSC2016/DOTAv1.0,NA,NA,NA,HRSC2016:300x300-1500x900;DOTAv1.0:800x800-4000x4000,NA,NVIDIA GeForce RTX 3090 GPU,"DOTAv1.0 mAP=88.89 AP50=89.20; highest accuracy among compared methods. Build intended to improve the multi-scale receptive field of features, which strengthens multi-scale target features while lowering extended background characteristics in complicated scenarios. The MFE module is specifically designed to achieve a more comprehensive feature representation by effectively extracting foreground features using feature pyramids. Extensive experimental results indicate the efficiency of MBSDet on publicly available datasets, for example, HRSC2016 and DOTA v1.0. Our MBSDet outperforms other leading models in terms of detection performance.",Higher computational cost; increased parameters; speed reduction from Transformer attention; not specific trained for ship detection,not provided,TRUE
89,2024,3,Ezzedini et al,CompYOLOv8;FasterRCNN,Analysis of the performance of Faster R CNN and YOLOv8 in detecting fishing vessels,PeerJ,research,anchor free,YOLOv8/FasterRCNN,YOLOv8 standard backbone (CSP-based),YOLOv8 PAN-FPN neck,YOLOv8 decoupled detection head,NA,Tunisian maritime surveillance dataset (fish + vessels),NA,NA,NA,NA,NA,NA,"Developed for fishing ship detection. Superiority of the YOLOv8 model in both detection domains. The Faster R-CNN model struggles to find a balance between precision and recall, with scores of 68% and 58% respectively for fish and 76% and 71% respectively for fishing boats, while YOLOv8 shows a excellent accuracy, with scores of 76% for fish and 76% for vessels, and 87% are fishing boats. The mAP50 values of 71% for
fish and 94% for fishing boats in YOLOv8 are also better than those in Faster R-CNN.","YOLOv8 presentes difficulty detecting small or densely packed fish; limited localization precision. Faster R-CNN encountered challenges in detecting small or densely packed fish; requires significant training time, which can be a drawback in dynamic environments. Small dataset whithouth data augmentation. Could explore data augmentation techniques as well as hyperparameter optimization can also help improve the performance of these models",https://github.com/lotfiezdini/Ship-detection-YOLOv8,FALSE
90,2024,1,Li et al,NA,Enhanced Fishing Monitoring Using DL with Nightly RS,Remote Sensing,research,anchor free,YOLOv8,CSPDarknet-based YOLOv8 backbone,YOLOv8 PAN-FPN,YOLOv8 decoupled detection head,640x640,VIIRSBoatDetection/AIS,NA,NA,NA,NA,NA,Intel(R) Xeon(R) E5-2686 v4 @ 2.30 GHz 60GB NVIDIA RTX A 4000,"Methodod for monitoring and extracting industry lit fishing vessels in specific fishing grounds, particularly under cloudy conditions","While fishing locations can be roughly identified, the exact number of vessels cannot be determined. While the threshold method
could identify similar trend changes, it lacked precision in detecting individual targets, especially in blurry scenarios. Detection significantly affected by weather conditions",not provided,FALSE
91,2023,5,Liang et al,MidNet,An Anchor and Angle Free Detector for Oriented Ship Detection in Aerial Images,IEEE TGRS,research,anchor free,Keypoint,ResNet-101,NA,NA,NA,HRSC2016/FGSD2021,NA,NA,NA,HRSC2016:300x300-1500x900;FGSD2021:157–7789X224–6506X,H/V flips,2× NVIDIA RTX 3090 GPU,"MidNet achieves a competitive result of 76.66% mAP on the DOTA dataset, which is 0.95% lower than the state-of-the-art detector (R3Det). For the approximately symmetric objects, MidNet achieves excellent results. For ship and soccer field objects, MidNet obtains the highest AP, and for plane and small-vehicle, MidNet yields the second best with a weak disadvantage.","Performance decreases on highly asymmetric objects (e.g., swimming pools, harbors). Not specific designed for marine environments.",https://github.com/jiefeng0109/MidNet,TRUE
92,2023,4,Zhou et al,AEDet,Arbitrary Oriented Ellipse Detector for Ship Detection in RS images,IEEE JSTAEORS,research,anchor free,YOLOX-m,CSPDarknet-53 (YOLOX-m backbone),PAFPN,"Ellipse-parameter prediction head (center, |u|, |v|, m, α)",NA,HRSC2016/RSDDSAR/RHRSID,NA,NA,RGB;SAR,NA,NA,2x NVIDIA TITAN Xp GPU,"mAP=90.45% on HRSC2016; 90.10% on RSDD-SAR; 88.2% on RHRSID. Can distinguish the ship objects from the complicated background
well. In the simple offshore regions, AEDet has great detection performance unsurprisingly. In addition, it is worth noting that the objects in the RSDD-SAR dataset is relatively small compared to HRSC2016 dataset, which means that our ellipse parameters representation method can describe objects of different scales efficiently. Proposed to solve the problem of abnormal bounding box regression loss of object with multiple numerical representations caused by angle periodicity, we propose an ellipse parameters representation method to describe arbitrary oriented objects, which has only one numerical representation for an object and can predict object by avoiding to predict angels directly. Then we propose the AEDet by applying the proposed ellipse parameters representation method to YOLOX with medium parameters",NA,not provided,TRUE
93,2023,1,Zhuang et al,CMDet,Contour Modeling Arbitrary Oriented Ship Detection From Very High Resolution Optical RS Imagery,IEEE GRSL,research,anchor free,FCOS,ResNet-18;ResNet-50,Feature Pyramid Network (FPN),"different detection heads, such as angle-based, vertex-based, vector-based, and our contour-based methods were evaluated on HRSC2016",640x640/800x800,HRSC2016/DIORShip,NA,NA,NA,NA,NA,3× NVIDIA TITAN RTX GPU,"AP = 90.2% on HRSC2016 with ResNet-18. AP = 89.86% on DOTA-ship with ResNet-50; CMDet outperforms SOTA detectors on both the HRSC2016 (90.2% AP) and DIOR-Ship datasets. Utilizing a lightweight ResNet-18 backbone with low computational cost ($2.77 	imes 10^{10}$ FLOPs), it delivers superior, stable, and real-time detection of arbitrary-oriented ships with minimal resource demand",NA,not provided,FALSE
94,2022,6,Yan et al,ALSD,An Antijamming and Lightweight Ship Detector Designed for Spaceborne Optical Images,IEEE JSTAEORS,research,anchor free,NA,Lightweight backbone based on SkyNet with 7-stage depthwise + pointwise convolutions,Feature Refining Module (FRM) + Antijamming Module (AM),NA,800×800,CBSD(custom)/HRSC2016(evaluation),CBSD:0.72,CBSD:0.72,NA,800×800,NA,NA,"Model customized closer to the real application scenarios includes various types of ship objects, large proportion of small ships and complex scenes. Novel ship detector with high-inference speed and can deal with various complex backgrounds and recognizes objects accurately. Lightweight and efficient, which has a few computations and parameters. It can be embedded into some resource-bounded mobile platforms, such as DSP 6678, without any hardware-specified optimized runtime libraries. Compared with the SOTA lightweight detectors, the proposed method achieves better accuracy with less computation",AP with HRSC2016 stays after RoI Transformer and Oriented RCNN,not provided,TRUE
95,2022,3,Yu et al,NA,Anchor Free Arbitrary Oriented Object Detector Using Box Boundary Aware Vectors,IEEE JSTAEORS,research,anchor free,CenterNet,Res2Net50,Multi-scale Feature Extraction+CBA + Adaptively Spatial Feature Fusion(ASFF),+ Context Enhancement Module(CEM) + Convolution-Activation-Convolution(CAC),416×416/512×512/608×608/800×800/1024×1024,HRSC2016/UCAS-AOD/DOTA-v1.0,NA,NA,RGB,HRSC2016300×300-1500×900;UCAS-AOD:1280×659;DOTA:800×800 to 4000×4000,"Random flipping, Random cropping",Intel Xeon Silver 4210 CPU + 2× NVIDIA RTX 3090 GPUs 24 GB,Multiscale capability and good small-object performance. 90.30% mAP on HRSC2016; 89.70% mAP on UCAS-AOD; 77.18% mAP on DOTA,NA,not provided,FALSE
96,2021,12,Yang et al,CPSDet,An Anchor Free Based Rotation Detector for Ship Detection,Remote Sensing,research,anchor free,NA,ResNext50,NAS-FCOS-FPN (NAS-searched Feature Pyramid Network),NA,800×800 ,HRSC2016,NA,NA,NA,300×300-1500×900,Random flips; Random rotations; Brightness changes; 10× data augmentation per epoch,Single NVIDIA GeForce RTX 2080Ti,"AP = 0.8912 on HRSC2016. Angle prediction more accurate. Centerness calculation optimized to make the weight distribution of each feature point more reasonable, and the angle information is introduced to make it fit with the predicted category and position. A Cascaded Positive sample Screening (CPS) scheme is proposed, which greatly improves the accuracy of anchor-free based detector.","In small target detection, the performance of the detector is reduced; angle prediction still unstable near boundaries; depends heavily on centerness modeling",not provided,FALSE
97,2021,4,Zhang et al,GRSDet,An Anchor Free Rotation Ship Detector Based on Gaussian Mask in RS Images,IEEE TGRS,research,anchor free,NA,ResNet-50 with SCM,NA,FCN-based pixel-wise regression/classification heads,800x800,HRSC2016/DOTAShip,HRSC2016:0.4,HRSC2016:2.0,RGB,HRSC:300x300–1500x900;DOTA:800x800–4000x4000,Resizing; Random horizontal flipping; Random crop; Random scale,NVIDIA GeForce GTX 1080Ti with 12-GB GPU,"Takes into account the dense distribution of ships, GRS-Det transforms ship detection into a binary semantic segmentation task based on the FCN structure. Alleviates the channel unbalance problem. For the mislabeling problem in rotation bounding boxes, a rotation Gaussian-Mask is designed to model ship based on its geometry characteristics. Benefited from it, more context information is utilized to strengthen the detection performance. Method achieves SOTA performance on the challenging RS ship detection data sets HRSC2016 and DOTA Ship.HRSC2016 AP=0.8957; DOTA Ship AP=0.8477",Pixel-level NMS increases inference time in dense scenes,not provided,FALSE
98,2021,2,Cui et al,SKNet,Detecting Rotated Ships as Keypoints in Optical RS Images,IEEE TGRS,research,anchor free,Keypoint,Hourglass-104,Orthogonal Pooling,Keypoint center + width/height/angle regression heads,511x511,HRSC2016/DOTAShip/HPDM-OSOD,NA,NA,NA,HRSC:1000x1000;DOTA:4000x4000;HPDM-OSOD:1000x2000(vries),Random mirroring; Random proportional scaling; Random cropping; Resizing,NA,"Custom dataset with higher small ships instances. orthogonal pooling can not only promote the prediction of keypoints but also improve the accuracy of the estimation of morphological sizes. Improves the features that are meaningful for predicting single or multiple
targets. Overall, the proposed orthogonal pooling module strengthens the response of feature maps at specific locations and improves the objects’ responses at the center by transmitting the maximum global value of the rotated object into the orthogonal direction. HRSC2016 AP=90.4%; DOTA-Ship AP=83.9%; HPDM-OSOD AP=84.6%",NA,not provided,TRUE
99,2021,1,Zhang et al,CHPDet,Arbitrary Oriented Ship Detection Through Center Head Point Extraction,IEEE TGRS,research,anchor free,Centerpoint,DLA34;Hourglass104,NA,Center heatmap + size regression + head point regression,512x512,FGSD2021/HRSC2016/UCAS-AOD,NA,NA,NA,NA,Cropping; Resizing,Intel Core i7-8700K CPU NVIDIA RTX 2080Ti GPU,"Method can expand the scope of angle to [0-360), and distinguish between bow and stern. Custom dataset. mAP = 87.91% (FGSD2021); high accuracy; anchor-free; NMS-free; good small-object performance. Frequently cited on the literature",Long training time; requires precise head-direction annotation; limited generalization to datasets without head labels,https://github.com/zf020114/CHPDet,TRUE
100,2025,7,Liang et al,EPFNet,Lightweight Feature Fusion for Small Ship Detection in RS Imagery,Digital Signal Processing,research,transformers,DETR,ResNet18 (modified with EPFE),Multi-scale Sequential Information Fusion MSIF + PAN-like bidirectional fusion,Four detection heads (P2–P5),640x640x3,MASATI/(custom),NA,NA,RGB,MASATI: 512x512; Small Ship: 640x640,Resizing; Normalization,NVIDIA RTX 3090,"Model trained with dataset specific customized for small ships under various environmental challenges (including clouds, fog, darkness, waves, islands, and reef interference). The average object size in the AITOD dataset is approximately 12.8×12.8 pixel, which is notably smaller compared to other datasets. Additionally, the DOTA dataset also contains some small ship objects. Achieves significant performance to identify and detect small ship objects in scenes with limited object features and complex environmental interference; MASATI AP=80.5%; Small Ship AP=74.7%; Lightweight (10.89M params, 45.6 GFLOPs)",NA,not provided,TRUE
101,2025,7,Hu et al,MHOEDETR,A Ship Detection Method for Small and Fuzzy Targets Based on Satellite RS Image Data,IEEE JSTAEORS,research,transformers,DETR,MH-Net,NA,DINO,640x640,(private),NA,NA,NA,NA,NA,Intel(R) Xeon(R) Silver 4310 CPU at 2.10 GHz GPU GeForce RTX 3090,"Alleviate the catastrophic forgetting and information bottleneck problems. Average accuracy, recall, and AP50 reached 96.3%, 91.4%, and 95.4%, respectively,SSDD mAP=92.11%; HRSC2016 mAP=90.32%; Designed for detecting small & fuzzy ships",Private dataset used,not provided,TRUE
102,2025,4,Wang Li,ShipDETR,A Transformer Based Model for Efficient Ship Detection in Complex Maritime Environments,IEEE ACCESS,research,transformers,DETR,CSPResNet (RT-DETR backbone),BiFPN + S2 feature fusion,RT-DETR transformer decoder with HiLo attention and HWD downsampling,640x640,NA,NA,NA,NA,NA,Resizing,Intel i7-12650H NVIDIA GeForce RTX 3090,"mAP=75.7% (LEVIR-Ship); mAP=73.1% (HRSC2016-MS); improved precision and small-ship detection; The HiLo attention optimizes the feature expression process by separating high-frequency and low-frequency features. This separation and fusion of features not only enhances
the model’s ability to detect ship detail texture features but also strengthens its robustness in complex backgrounds, enabling the model to better distinguish subtle differences between ships and the background. Demonstrates superior detection accuracy while maintaining a relatively small number of parameters and computational load",NA,not provided,TRUE
103,2025,7,Nguyen,HARDet,Hybrid Anchor Rotation Detector for OOD,ICCV CVF,research,hybrid,NA,ResNet50+FPN;ResNext101-FPN-DCNv2 (both pretrained on ImageNet),FPN,Hybrid RPN (Anchor-free + Anchor-based refinement with Orientation-Aware Convolution) + R-CNN rotated bbox heads (Rotated RoIAlign),NA,DOTA-v1.0/DIOR-R/HRSC2016,NA,NA,NA,DOTA: 4000x4000 crops → 1024x1024; DIOR-R: 800x800; HRSC: 300x300–1500x900 (resized to 800x512 for training),Random flip; Cropping; Standard augmentation used in benchmarks,Single NVIDIA A5000 GPU,"Rigorous and wide comparison with SOTA methods for all model classes. Competitive oriented detection: DOTA mAP=75.41 (ResNet50), 76.02 (ResNet101), 77.01 (ResNeXt101-DCNv2); DIOR-R mAP=65.3 highest accuracy; HRSC2016 mAP=90.20 and 95.32 mAP on the VOC2007 and VOC2012 metrics, respectively. Computational efficiency, achieved via a reduced anchor set and lightweight orientation-aware refinement, makes it deployable on edge devices such as drones or lowpower remote sensing platforms.",NA,https://github.com/PhucNDA/HA-RDet,FALSE
104,2025,8,Wang Wang,CNN/Transformer/CTS,A Unified DL Approach for Ship Detection in Complex Maritime Environments,IAENG,research,other,CNN/Transformer,VGG19 (CNN branch) + Transformer-encoder,NA,NA,256x192,HRSC2016,NA,NA,NA,NA,H/V flips; Random affine (translation/rotation/scaling); Conversion of colored instance masks to grayscale,Ubuntu 18.04 RTX 3060 GPU CUDA 11.4,Pixel Accuracy = 95.26%; Dice Ratio = 0.6725; IoU = 0.5652 after 200 epochs,"Although the algorithm performs well, there is still potential for enhancement due to the intricate ship backgrounds, a wide range of classes and angles, as well as difficulties in accurately detecting ships located near shores or on land. Future research will focus on
developing more precise detection methods, incorporating advanced data augmentation, multi-scale feature fusion, and optimized real-time processing to handle diverse maritime environments.",not provided,FALSE
105,2025,5,Lee Youn,VPL,In Context Vision Pattern Language Model for Enhancing Vessel Activity Explanation AIS,IEEE Access,research,other,CLIP,CLIP ViT-based encoder + Transformer encoders,NA,CLIP-based zero-shot classifier + RAG-based explanation generator,NA,CAS500-1/GFW/AIH-Fishing,0.5 m (CAS500-1 PAN),2.0 m (CAS500-1 MS),NA,Satellite ROI: 10000x10000; Generated pattern images: 224x224,NA,NVIDIA RTX 3060 CUDA 11.4,"Designed to enhance the explanation and detection of illegal, unreported, and unregulated (IUU) vessel activities. The strengths of the proposed VPL model include its robust integration of satellite imagery with Automatic Identification System (AIS)","Not designed for bounding-box ship detection (focuses on trajectory pattern classification and explanation); evaluation primarily used predefined datasets, raising questions about its robustness in real-world environment. Furthermore, the significant computational
resources required for its fusion and classification algorithms present practical hurdles for real-time deployment",not provided,FALSE
106,2025,2,Han et al,NA,A comprehensive framework incorporating DL for analyzing fishing vessel activity using AIS data,ICESJMarSci,research,other,Transformer/AIS,Transformer Encoder (custom: learnable positional encoding + batch norm),NA,MLP classifier (3 vessel-type classes); Temporal K-Means for fishing-activity detection,NA,HeywhaleAIS,NA,NA,"AIS (non-image) + environmental data (CMEMS, GEBCO, NASA OceanColor)",NA,NA,NA,Designed for fishing vessels behavior combined with environmental analysis,"Only three types of vessels (trawler, seiner, gillnetter). Not a ship detector for satellite imagery",https://github.com/HFC666/AIS_TS,FALSE
107,2024,12,Azdavay et al,CompFasterRCNN/YOLOv7,Optimizing Accuracy and Efficiency in Ship Detection from Satellite Images through a Comparative Analysis of OD Models,SETSCI,research,other,FasterRCNN/YOLOv7,NA,NA,NA,NA,(custom),NA,NA,NA,NA,NA,NA,"Both algorithms are tested under challenging conditions, including poor image quality due to cloud and dust obscuration, varying lighting, and high-altitude captures. Faster R-CNN: Higher accuracy – coastal accuracy 0.805, recall 0.758, mAP50 0.623, mAP75 0.479, F1=0.781; YOLOv7: Faster inference – 34.49 FPS (avg) vs. Faster R-CNN 22.81 FPS","Faster R-CNN: Slow inference – 53.4 s per image in study; YOLOv7: Lower accuracy – weighted mAP50 0.551, mAP75 0.425; misses small and partially obscured ships",open source,TRUE
108,2024,10,Zhang et al,Popeye,A Unified Visual Language Model for Multisource Ship Detection From RS Imagery,IEEE JSTAEORS,research,other,NA,NA,NA,NA,NA,NA,NA,NA,NA,NA,NA,NA,NA,NA,not provided,FALSE
109,2024,9,Y C,SNN,Utilizing Elephant Herd Inspired Spiking Neural Networks for Enhanced Ship Detection and Classification in Marine Scene Matching,MarineGeodesy,research,other,NA,NA,NA,NA,NA,NA,NA,NA,NA,NA,NA,NA,NA,NA,not provided,FALSE
110,2024,9,Do et al,UReACH,Model for Ship Detection over Satellite Imagery,IEEE MAPR,research,other,UNet/ResNet,ResNet50;ResNet18;ResNet34,NA,NA,NA,KaggleAirbusShip,NA,NA,NA,768x768,Scaling; Shifting; Rotation; Flipping; Gaussian noise,NA,"Achieves: Dice=76.36%, IoU=66.07%, Recall=95.03%, Precision=91.00%, F1=93.02%, F2=94.2. Outperforms Mask R CNN (up to +8% F2).","Struggles with very small ships and scenes containing many ships. The model can not distinguish significantly whether it is a ship or other objects such as constructions around ships. The second image is another problem, which shows us there are a lot of small boats. It takes some difficulties for the models to indicate",not provided,FALSE
111,2024,8,Hong et al,SpectralGPT,Spectral RS Foundation Model,IEEE TPAMI,research,other,NA,NA,NA,NA,NA,NA,NA,NA,NA,NA,NA,NA,NA,NA,not provided,FALSE
112,2024,4,Wang et al,ViTMGFVFPN,Fine grained ship image classification and detection based on a vision transformer and multi grain feature vector FPN model,GIS,research,other,ViT,Vision Transformer (ViT-S/16),MGFV-FPN (Multi-Grain Feature Vector Feature Pyramid Network) (extraction of local features); GSwin-Trans (global representations),NA,224x224,FGSC-23/MilitaryShip/HRSC2016/FAIR1M,NA,NA,NA,NA,NA,NA,"Crafted to assimilate both macroscopic and microscopic features. To the microscopic image attributes, the MGFV-FPN was conceptualized with an integrated pyramid network. For the macroscopic image attributes, the refined ViT architec ture, christening it GSwin-Trans. Accuracies of 92.7 ± 0.3% on the FGSC-23 and 93.1 ± 0.6% on the naval military image sets, eclipsing existing methodologies. Moreover, as a robust fundation for maritime object detection within the HRSC2016 and FAIR1M datasets, the ViT-MGFV- FPN has its mettle over other foundational structures. Multi-scale feature granularity for both small and large ships",Higher computational cost,not provided,TRUE
113,2024,3,Niranjan et al,UNet,DL Approach for Ship Detection using satellite imagery,EAIEU,research,other,UNet,NA,NA,NA,768x768x3,Sentinel-2,NA,NA,RGB,768x768x3,Image transposition; Mask pair involving flipping or rotating,NA,"Achieves 98.94% training accuracy and 97.34% validation accuracy for segmentation; simple architecture; effective for clear, unobstructed ships.",Dataset poorly described. It seems to not have challenging conditions.,not provided,FALSE
114,2024,1,Li,CompCNN/ViT,Comparison DL Based RS Image Recognition Model for Ships,IEEE ICPECA,research,other,CNN/ViT,default,default,default,NA,(custom),NA,NA,NA,NA,Rotation; Flipping,NA,"ViT achieves >90.2% accuracy when dataset size = 20,000. The larger the size of the dataset, the better the Transformer network performs. CNN and ViT both benefit from bilateral filtering and augmentation; ViT improves as dataset size increases.","The performance of the two models was compared by training them on datasets of different sizes. ViT prone to overfitting on small datasets, Lack information of CNN performance.Poor image augmentation.",ope,FALSE
115,2022,12,Liu et al,MSOA,Moving Ship Optimal Association for Maritime Surveillance Fusing AIS and Sentinel 2 Data,IEEE TGRS,research,other,YOLOv5,NA,NA,NA,NA,NA,NA,NA,NA,NA,NA,NA,NA,NA,not provided,FALSE
116,2022,10,Chen et al,MSSDet,Multi Scale Ship Detection Framework in Optical RS Images and New Benchmark,Remote Sensing,research,other,MMDetector,ResNet-34,Joint Recursive Feature Pyramid (JRFP),NA,NA,HRSC2016-MS/DIOR,NA,NA,NA,NA,Mosaic-MixUp data-augmentation method,NVIDIA RTX 2080Ti,"MSSDet achieves multi-scale ship detection performance through enhanced FPN and feature calibration modules. Authors consider that non-oriented detectors perform better for small ships because tiny targets lack reliable orientation cues, making angle prediction noisy and unnecessary while horizontal boxes remain simpler, more stable, and more accurate. Proposed JRFP architecture and also showed that the proposed method has excellent generalizability. Comparisons with SOTA methods showed that the proposed method achieves competitive performance: mAP 77.3%, 95.8%, and 73.3% on the HRSC2016-MS, HRSC2016, and DIOR datasets, respectively.","Limitations of non-oriented detection methods.Anchor-based design remains sensitive to extreme aspect ratios and densely packed small ships. Insufficient ability to extract context information, bamboo rafts are detected by mistake. Authors consider problems like this can be solved by oriented detection mechanism, more abundant context information, and a more extensive and diverse dataset",not provided,TRUE
117,2022,8,Wang,NA,Superpixel Segmentation A Novel Method of Ship Detection under Cloud Interference for Optical RS Images,Remote Sensing,research,other,NA,NA,NA,NA,NA,NA,NA,NA,NA,NA,NA,NA,NA,NA,not provided,FALSE
118,2022,7,Chen et al,P2Net,Contrastive Learning for Fine Grained Ship Classification in RS Images,IEEE TGRS,research,other,P2Net,ResNet-50 (pretrained on ImageNet),NA,Push-out contrastive module + Pull-in proxy-based integration module,224×224x3,FGSC-23/FGSCR-42,NA,NA,NA,NA,H/V flips; Random crop; Random scale; Random gaussian blur; Random rotation,Single NVIDIA RTX 3090 GPU,"SOTA accuracy on FGSC-23 and FGSCR-42; higher AA than prior methods, Asynchronous contrastive push-and-pull where input images are first decorrelated with each other and then aggregated into subclasses.improves handling of imbalanced fineness and appearances. The proposed P2Net leverages the idea of CL and consists of a push-out part and a pull-in part that perform the above two processes, respectively. With the two parts, our network can decouple the subclasses, and thus make the classification much easier. All the network components in our method do not require extra annotations and can be trained in an end-to-end fashion.",NA,https://github.com/WindVChen/Push-and-Pull-Network,FALSE
119,2022,7,Xie et al,NA,Small Ship Detection Based on Hybrid Anchor Structure and Feature Super Resolution,Remote Sensing,research,hybrid,NA,ResNet-50,Adaptive Feature Pyramid (AFP),Hybrid anchor-based & anchor-free detection branches + second-stage FC head; RoI feature super-resolution module,600x,(custom),NA,NA,NA,NA,NA,NVIDIA GTX 1080Ti Intel i7-7820X 32 GB RAM,"Small ships: AP = 83.7%; Medium: 88.5%; Large: 93.8%; The proposed structure combines the advantages of both anchor-based methods and anchor-free methods: an anchor-based detection branch is set to improve the localization accuracy, and an anchorfree detection branch is set to reduce misdetections.; Super-resolution enhances small-ship detail",Feature super-resolution network is computationally heavy and structurally complex,not provided,TRUE
120,2022,4,Guo et al,FDNet,Fully Deformable Convolutional Network for Ship Detection in RS Imagery,Remote Sensing,research,other,VFNet,ResNet-50 with deformable convolutions (DCN),Enhanced feature pyramid network (EFPN) based on Path Aggregation Network (PANet),Deformable convolution multi-scale feature fusion detection head,NA,DOTA/DIOR,NA,NA,NA,NA,Novel Crop Mosaic data augmentation method,Intel Core i7-7700K CPU GeForce GTX 1080 Ti GPU x 2 and 32GB,"FDNet extract features from ships with variable scale, distribution, orientation and shape. EFPN module can better extract features and can avoid feature loss in the process of transformation. ABFI module could adaptively integrate adjacent multi-level features and significantly improve the ability of detecting small ship objects. The crop mosaic data augmentation designed and implemented, can improve the diversity of the dataset without changing the original scale of the object by mixing up the cropped images that have been enhanced with various methods, such as rotation, inversion, stretching, brightness balance, etc. Performance of multi-scale ship object detection",NA,not provided,TRUE
121,2022,2,Cui et al,SDANet,A detector for small densely distributed and arbitrary directional ships in RS images,Appl Intell,research,other,NA,ResNet-101 with adaptive deformation convolution (ADC),"SFPNet, MSANet",MLCNet and rotation branch,NA,DOTA/HRSC2016,NA,NA,NA,NA,NA,Intel(R) Core(TM) i7-7700HQ CPU@2.8GHz NVIDIA GeForce RTX3080Ti,AP 77.86%,SDANet currently cannot realize ship detection in night scenes,not provided,TRUE
122,2021,10,Ciocarlan Stoian,UNet,Ship Detection in Sentinel 2 Multi Spectral Images with Self Supervised Learning,Remote Sensing,research,other,UNet,ResNet50,NA,NA,64x64,S-2Ship,"10 m (R,G,B, NIR), 20 m, 60 m (other bands)","10 m (R,G,B, NIR), 20 m, 60 m (other bands)","13, between 443 nm–2190 nm. B2 (B), B3 (G), B4 (R), B8 (NIR), and B11 and B12 (SWIR) spectral channels",1783x38,Color jitter; Random rotations; Cropping; Resizing; Slight Gaussian noise,NVIDIA RTX 2080,self-supervised pretraining improves generalization with limited labels; robust to varying sea states and atmospheric conditions,10 m resolution limits ability to detect smaller ships,github.com/alina2204/contrastive_SSL_ship_detection,FALSE
123,2021,1,Wang et al,SDGH,Ship Detection in Optical RS Images,Remote Sensing,research,other,UNet,NA,NA,NA,NA,HRSC2016,NA,NA,NA,NA,Test time augmentation strategy,i7-8700 3.20GHz six-core processor 32 GB memory (Micron DDR4 2666MHz) and a graphics card with Nvidia GeForce RTX 2080 Ti 11GB video memory,"To detect ships of different scales, hole convolutions of different rates were introduced and feature fusion in the form of addition is performed. To compensate for the imbalance of positive and negative samples in the data, we use the weighted mean square error as the loss function of the model. To further improve the generalization ability of the model, we adopted a test time augmentation strategy. Compared with other models, our method achieved high precision scores, and its recall and F-measure scores were the highest. Superior to Faster R-CNN in terms of efficiency.",Not focused on small targets,https://github.com/WangZhenqing-RS/SDGH-Net-Ship-Detection-in-Optical-Remote-Sensing-Images-Based-on-Gaussian-Heatmap-Regression,FALSE